time_crawled,airport_code,dep_recent_index,dep_recent_delay_avg,dep_recent_delayed_qty,dep_today_delayed_pct,dep_today_delayed_qty,dep_today_total_qty,dep_yesterday_delayed_pct,dep_trend,arr_recent_index,arr_recent_delay_avg,arr_recent_delayed_qty,arr_today_delayed_pct,arr_today_delayed_qty,arr_today_total_qty,arr_yesterday_delayed_pct,arr_trend,total_flights_today,ground_speed_avg,time_crawled_UTC
2026-05-02 22:02:16,BUF,0.0,0,0,0.11,9,0,0.36,down,0.0,0,0,0.02,2,0,0.19,up,0,14,2026-05-03T02:02:16Z
2026-05-02 20:09:22,BUF,0.88,10,3,0.1,8,0,0.36,down,0.0,0,0,0.02,2,0,0.19,down,0,18,2026-05-03T00:09:22Z
2026-05-02 20:01:28,BUF,0.88,10,3,0.1,8,0,0.36,down,0.0,0,0,0.02,2,0,0.19,down,0,11,2026-05-03T00:01:28Z
2026-05-02 18:02:40,BUF,0.0,0,0,0.0,0,0,0.36,down,0.0,0,0,0.01,1,0,0.19,down,0,11,2026-05-02T22:02:40Z
2026-05-02 16:16:26,BUF,0.0,0,0,0.0,0,0,0.36,down,0.0,0,0,0.01,1,0,0.19,down,0,14,2026-05-02T20:16:26Z
2026-05-02 14:01:24,BUF,0.0,0,0,0.0,0,0,0.36,down,0.0,0,0,0.01,1,0,0.19,down,0,11,2026-05-02T18:01:24Z
2026-05-02 12:01:13,BUF,0.0,0,0,0.0,0,0,0.36,down,0.42,5,4,0.0,0,0,0.19,down,0,11,2026-05-02T16:01:13Z
2026-05-02 10:10:39,BUF,0.0,0,0,0.35,34,0,0.37,down,1.58,19,4,0.16,16,0,0.19,down,0,14,2026-05-02T14:10:39Z
2026-05-02 08:01:44,BUF,0.42,5,2,0.35,34,0,0.37,up,0.5,6,3,0.11,11,0,0.19,down,0,14,2026-05-02T12:01:44Z
2026-05-02 06:03:36,BUF,1.08,13,4,0.32,31,0,0.37,up,0.42,5,3,0.08,8,0,0.19,down,0,11,2026-05-02T10:03:36Z
2026-05-01 22:06:36,BUF,0.75,9,2,0.16,15,0,0.37,down,0.42,5,0,0.0,0,0,0.19,down,0,11,2026-05-02T02:06:36Z
2026-05-01 20:12:08,BUF,1.17,14,5,0.14,13,0,0.37,down,0.0,0,0,0.0,0,0,0.19,down,0,7,2026-05-02T00:12:08Z
2026-05-01 17:46:04,BUF,0.83,10,2,0.02,2,0,0.37,down,0.0,0,0,0.0,0,0,0.19,down,0,7,2026-05-01T21:46:04Z
2026-05-01 16:02:56,BUF,0.0,0,0,0.0,0,0,0.37,down,0.0,0,0,0.0,0,0,0.19,down,0,7,2026-05-01T20:02:56Z
2026-05-01 14:06:43,BUF,0.0,0,0,0.0,0,0,0.37,down,0.0,0,0,0.0,0,0,0.19,down,0,0,2026-05-01T18:06:43Z
2026-05-01 12:06:15,BUF,0.0,0,0,0.0,0,0,0.37,down,0.42,5,4,0.0,0,0,0.19,down,0,7,2026-05-01T16:06:15Z
2026-05-01 10:01:52,BUF,0.0,0,0,0.37,37,0,0.3,down,0.42,5,3,0.15,16,0,0.2,down,0,14,2026-05-01T14:01:52Z
2026-05-01 08:03:51,BUF,1.63,20,7,0.37,37,0,0.3,down,0.75,9,4,0.13,13,0,0.2,up,0,14,2026-05-01T12:03:51Z
2026-05-01 06:02:59,BUF,1.5,18,6,0.31,30,0,0.3,down,0.87,5,1,0.09,9,0,0.2,up,0,22,2026-05-01T10:02:59Z
2026-04-30 22:19:28,BUF,0.5,6,0,0.1,9,0,0.3,down,0.42,5,2,0.03,3,0,0.2,down,0,14,2026-05-01T02:19:28Z
2026-04-30 20:10:52,BUF,0.75,9,4,0.09,8,0,0.3,down,0.0,0,0,0.01,1,0,0.2,up,0,11,2026-05-01T00:10:52Z
2026-04-30 18:20:11,BUF,0.75,9,2,0.03,3,0,0.3,down,0.0,0,0,0.0,0,0,0.2,down,0,0,2026-04-30T22:20:11Z
2026-04-30 16:06:45,BUF,0.0,0,0,0.0,0,0,0.3,down,0.0,0,0,0.0,0,0,0.2,down,0,7,2026-04-30T20:06:45Z
2026-04-30 14:10:43,BUF,0.0,0,0,0.0,0,0,0.3,down,0.0,0,0,0.0,0,0,0.2,down,0,14,2026-04-30T18:10:43Z
2026-04-30 12:01:46,BUF,0.0,0,0,0.0,0,0,0.3,down,0.42,5,3,0.0,0,0,0.2,down,0,7,2026-04-30T16:01:46Z
2026-04-30 10:01:30,BUF,0.0,0,0,0.29,29,0,0.24,down,0.42,5,3,0.15,15,0,0.15,down,0,11,2026-04-30T14:01:30Z
2026-04-30 06:04:09,BUF,1.88,22,6,0.27,26,0,0.24,down,0.42,5,2,0.13,12,0,0.15,down,0,18,2026-04-30T10:04:09Z
2026-04-29 22:01:04,BUF,0.92,11,0,0.07,6,0,0.24,down,0.42,5,0,0.02,2,0,0.15,down,0,14,2026-04-30T02:01:04Z
2026-04-29 20:02:04,BUF,1.08,8,1,0.07,6,0,0.24,down,0.0,0,0,0.02,2,0,0.15,down,0,18,2026-04-30T00:02:04Z
2026-04-29 18:00:59,BUF,0.0,0,0,0.03,3,0,0.24,up,0.0,0,0,0.01,1,0,0.15,down,0,11,2026-04-29T22:00:59Z
2026-04-29 16:15:33,BUF,0.0,0,0,0.0,0,0,0.24,down,0.0,0,0,0.0,0,0,0.15,down,0,0,2026-04-29T20:15:33Z
2026-04-29 14:01:56,BUF,0.0,0,0,0.0,0,0,0.24,down,0.0,0,0,0.0,0,0,0.15,down,0,14,2026-04-29T18:01:56Z
2026-04-29 12:01:13,BUF,0.25,3,2,0.0,0,0,0.24,down,0.73,5,2,0.0,0,0,0.15,up,0,14,2026-04-29T16:01:13Z
2026-04-29 10:02:16,BUF,0.0,0,0,0.19,18,0,0.38,down,0.42,5,1,0.13,11,0,0.22,down,0,25,2026-04-29T14:02:16Z
2026-04-29 08:04:12,BUF,0.08,1,1,0.19,18,0,0.38,down,0.42,5,2,0.11,10,0,0.22,down,0,18,2026-04-29T12:04:12Z
2026-04-29 06:05:25,BUF,0.46,6,3,0.16,15,0,0.38,up,0.42,5,3,0.09,8,0,0.22,down,0,22,2026-04-29T10:05:25Z
2026-04-28 23:13:17,BUF,0.42,5,1,0.07,6,0,0.38,down,0.42,5,0,0.01,1,0,0.22,down,0,18,2026-04-29T03:13:17Z
2026-04-28 20:01:10,BUF,0.46,6,3,0.05,4,0,0.38,down,0.0,0,0,0.01,1,0,0.22,down,0,32,2026-04-29T00:01:10Z
2026-04-28 18:18:09,BUF,0.0,0,0,0.01,1,0,0.38,up,0.0,0,0,0.01,1,0,0.22,down,0,32,2026-04-28T22:18:09Z
2026-04-28 16:18:10,BUF,0.0,0,0,0.0,0,0,0.38,down,0.0,0,0,0.0,0,0,0.22,down,0,29,2026-04-28T20:18:10Z
2026-04-28 14:05:44,BUF,0.0,0,0,0.0,0,0,0.38,down,0.0,0,0,0.0,0,0,0.22,down,0,32,2026-04-28T18:05:44Z
2026-04-28 12:01:00,BUF,0.0,0,0,0.0,0,0,0.38,down,0.42,5,4,0.0,0,0,0.22,down,0,32,2026-04-28T16:01:00Z
2026-04-28 10:06:59,BUF,0.0,0,0,0.36,35,0,0.4,down,1.13,5,2,0.17,16,0,0.24,down,0,22,2026-04-28T14:06:59Z
2026-04-28 08:01:52,BUF,0.67,8,4,0.36,35,0,0.4,up,0.42,5,3,0.15,14,0,0.24,down,0,14,2026-04-28T12:01:52Z
2026-04-28 06:07:50,BUF,3.29,32,4,0.29,28,0,0.4,down,0.92,5,3,0.12,11,0,0.24,down,0,18,2026-04-28T10:07:50Z
2026-04-27 22:03:00,BUF,0.5,6,1,0.1,9,0,0.4,down,0.42,5,1,0.01,1,0,0.24,down,0,14,2026-04-28T02:03:00Z
2026-04-27 18:03:23,BUF,0.67,8,1,0.05,4,0,0.4,down,0.0,0,0,0.0,0,0,0.24,down,0,7,2026-04-27T22:03:23Z
2026-04-27 16:07:18,BUF,0.0,0,0,0.0,0,0,0.4,down,0.0,0,0,0.0,0,0,0.24,down,0,7,2026-04-27T20:07:18Z
2026-04-27 14:01:04,BUF,0.0,0,0,0.0,0,0,0.4,down,0.0,0,0,0.0,0,0,0.24,down,0,0,2026-04-27T18:01:04Z
2026-04-27 12:08:22,BUF,0.0,0,0,0.0,0,0,0.4,down,0.42,5,4,0.0,0,0,0.24,down,0,0,2026-04-27T16:08:22Z
2026-04-27 10:01:41,BUF,0.0,0,0,0.4,36,0,0.37,down,0.42,5,0,0.18,17,0,0.15,down,0,7,2026-04-27T14:01:41Z
2026-04-27 08:01:39,BUF,1.08,13,3,0.39,34,0,0.37,up,0.42,5,4,0.18,17,0,0.15,down,0,7,2026-04-27T12:01:39Z
2026-04-27 06:05:42,BUF,1.33,16,5,0.32,28,0,0.37,down,0.42,5,4,0.14,13,0,0.15,down,0,18,2026-04-27T10:05:42Z
2026-04-26 22:33:59,BUF,0.5,6,1,0.13,11,0,0.37,down,0.42,5,2,0.03,3,0,0.15,down,0,7,2026-04-27T02:33:59Z
2026-04-26 20:25:05,BUF,0.83,10,1,0.11,9,0,0.37,up,0.0,0,0,0.01,1,0,0.15,down,0,11,2026-04-27T00:25:05Z
2026-04-26 18:20:14,BUF,0.0,0,0,0.01,1,0,0.37,down,0.0,0,0,0.0,0,0,0.15,down,0,14,2026-04-26T22:20:14Z
2026-04-26 16:01:43,BUF,0.0,0,0,0.0,0,0,0.37,down,0.0,0,0,0.0,0,0,0.15,down,0,11,2026-04-26T20:01:43Z
2026-04-26 14:03:49,BUF,0.0,0,0,0.0,0,0,0.37,down,0.0,0,0,0.0,0,0,0.15,down,0,14,2026-04-26T18:03:49Z
2026-04-26 12:01:08,BUF,0.0,0,0,0.0,0,0,0.37,down,0.42,5,3,0.0,0,0,0.15,down,0,14,2026-04-26T16:01:08Z
2026-04-26 10:14:21,BUF,0.0,0,0,0.35,29,0,0.33,down,0.42,5,3,0.11,9,0,0.18,down,0,25,2026-04-26T14:14:21Z
2026-04-26 08:07:09,BUF,0.29,4,1,0.34,28,0,0.33,down,0.42,5,3,0.08,6,0,0.18,down,0,18,2026-04-26T12:07:09Z
2026-04-26 06:07:50,BUF,0.25,3,2,0.32,26,0,0.33,down,0.42,5,0,0.03,2,0,0.18,down,0,18,2026-04-26T10:07:50Z
2026-04-25 22:56:27,BUF,0.75,9,2,0.2,16,0,0.33,down,0.42,5,0,0.0,0,0,0.18,down,0,18,2026-04-26T02:56:27Z
2026-04-25 20:01:38,BUF,1.0,12,6,0.17,13,0,0.33,down,0.0,0,0,0.0,0,0,0.18,down,0,22,2026-04-26T00:01:38Z
2026-04-25 18:05:32,BUF,0.0,0,0,0.0,0,0,0.33,down,0.0,0,0,0.0,0,0,0.18,down,0,22,2026-04-25T22:05:32Z
2026-04-25 16:03:50,BUF,0.0,0,0,0.0,0,0,0.33,down,0.0,0,0,0.0,0,0,0.18,down,0,14,2026-04-25T20:03:50Z
2026-04-25 14:01:36,BUF,0.0,0,0,0.0,0,0,0.33,down,0.0,0,0,0.0,0,0,0.18,down,0,25,2026-04-25T18:01:36Z
2026-04-25 12:01:24,BUF,0.0,0,0,0.0,0,0,0.33,down,0.42,5,3,0.0,0,0,0.18,down,0,18,2026-04-25T16:01:24Z
2026-04-25 10:09:50,BUF,0.0,0,0,0.32,30,0,0.33,down,0.42,5,1,0.13,11,0,0.2,down,0,22,2026-04-25T14:09:50Z
2026-04-25 08:06:51,BUF,0.33,4,1,0.32,29,0,0.33,down,0.83,5,2,0.12,10,0,0.2,up,0,22,2026-04-25T12:06:51Z
2026-04-25 06:03:24,BUF,0.5,6,2,0.27,25,0,0.33,down,0.67,8,2,0.1,8,0,0.2,up,0,22,2026-04-25T10:03:24Z
2026-04-24 22:01:59,BUF,0.67,8,0,0.13,11,0,0.33,down,0.42,5,1,0.01,1,0,0.2,down,0,25,2026-04-25T02:01:59Z
2026-04-24 20:05:07,BUF,1.08,13,4,0.12,10,0,0.33,down,0.0,0,0,0.0,0,0,0.2,down,0,29,2026-04-25T00:05:07Z
2026-04-24 18:01:32,BUF,0.75,9,1,0.01,1,0,0.33,down,0.0,0,0,0.0,0,0,0.2,down,0,22,2026-04-24T22:01:32Z
2026-04-24 16:20:59,BUF,0.0,0,0,0.0,0,0,0.33,down,0.0,0,0,0.0,0,0,0.2,down,0,22,2026-04-24T20:20:59Z
2026-04-24 14:04:33,BUF,0.0,0,0,0.0,0,0,0.33,down,0.0,0,0,0.0,0,0,0.2,down,0,7,2026-04-24T18:04:33Z
2026-04-24 12:29:45,BUF,0.0,0,0,0.0,0,0,0.33,down,0.42,5,2,0.0,0,0,0.2,down,0,11,2026-04-24T16:29:45Z
2026-04-24 10:03:46,BUF,0.0,0,0,0.33,32,0,0.29,down,0.42,5,1,0.16,16,0,0.2,down,0,11,2026-04-24T14:03:46Z
2026-04-24 08:18:41,BUF,0.58,7,4,0.33,32,0,0.29,down,0.42,5,1,0.16,15,0,0.2,down,0,11,2026-04-24T12:18:41Z
2026-04-24 06:03:07,BUF,1.13,14,4,0.25,24,0,0.29,up,0.42,5,2,0.14,13,0,0.2,down,0,7,2026-04-24T10:03:07Z
2026-04-23 22:01:42,BUF,0.67,8,1,0.07,6,0,0.29,down,0.42,5,3,0.07,6,0,0.2,down,0,7,2026-04-24T02:01:42Z
2026-04-23 20:19:28,BUF,0.0,0,0,0.06,5,0,0.29,up,3.17,38,3,0.07,6,0,0.2,down,0,14,2026-04-24T00:19:28Z
2026-04-23 18:07:32,BUF,0.33,4,0,0.02,2,0,0.29,down,0.0,0,0,0.02,2,0,0.2,down,0,7,2026-04-23T22:07:32Z
2026-04-23 14:01:23,BUF,0.0,0,0,0.0,0,0,0.29,down,0.0,0,0,0.0,0,0,0.2,down,0,7,2026-04-23T18:01:23Z
2026-04-23 12:01:08,BUF,0.0,0,0,0.0,0,0,0.29,down,0.42,5,4,0.0,0,0,0.2,down,0,11,2026-04-23T16:01:08Z
2026-04-23 10:01:20,BUF,0.0,0,0,0.3,32,0,0.4,down,0.42,5,1,0.14,14,0,0.24,down,0,7,2026-04-23T14:01:20Z
2026-04-23 08:10:18,BUF,0.08,1,0,0.29,31,0,0.4,down,0.42,5,1,0.13,13,0,0.24,down,0,11,2026-04-23T12:10:18Z
2026-04-23 08:02:15,BUF,0.08,1,0,0.29,31,0,0.4,down,0.42,5,1,0.13,13,0,0.24,down,0,11,2026-04-23T12:02:15Z
2026-04-23 06:03:32,BUF,1.0,12,4,0.27,29,0,0.4,down,0.46,6,3,0.13,12,0,0.24,down,0,14,2026-04-23T10:03:32Z
2026-04-22 22:01:40,BUF,1.0,12,3,0.11,11,0,0.4,down,0.42,5,0,0.01,1,0,0.24,down,0,11,2026-04-23T02:01:40Z
2026-04-22 20:03:36,BUF,0.75,9,4,0.07,7,0,0.4,down,0.0,0,0,0.01,1,0,0.24,down,0,7,2026-04-23T00:03:36Z
2026-04-22 18:01:32,BUF,0.0,0,0,0.0,0,0,0.4,down,0.0,0,0,0.0,0,0,0.24,down,0,11,2026-04-22T22:01:32Z
2026-04-22 16:16:19,BUF,0.0,0,0,0.0,0,0,0.4,down,0.0,0,0,0.0,0,0,0.24,down,0,7,2026-04-22T20:16:19Z
2026-04-22 14:02:23,BUF,0.0,0,0,0.0,0,0,0.4,down,0.0,0,0,0.0,0,0,0.24,down,0,14,2026-04-22T18:02:23Z
2026-04-22 12:01:22,BUF,0.0,0,0,0.0,0,0,0.4,down,0.42,5,0,0.0,0,0,0.24,down,0,18,2026-04-22T16:01:22Z
2026-04-22 10:02:16,BUF,0.0,0,0,0.39,39,0,0.44,down,1.29,16,5,0.24,24,0,0.3,down,0,11,2026-04-22T14:02:16Z
2026-04-22 08:02:01,BUF,0.21,2,1,0.37,37,0,0.44,down,0.42,5,3,0.19,19,0,0.3,down,0,7,2026-04-22T12:02:01Z
2026-04-22 06:04:19,BUF,1.38,16,8,0.36,35,0,0.44,up,0.42,5,4,0.16,16,0,0.3,down,0,11,2026-04-22T10:04:19Z
2026-04-21 22:11:38,BUF,0.33,4,0,0.17,15,0,0.44,down,0.42,5,1,0.04,4,0,0.3,down,0,22,2026-04-22T02:11:38Z
2026-04-21 20:01:42,BUF,1.29,16,7,0.16,14,0,0.44,down,0.0,0,0,0.02,2,0,0.3,down,0,14,2026-04-22T00:01:42Z
2026-04-21 18:10:42,BUF,0.0,0,0,0.0,0,0,0.44,down,0.0,0,0,0.01,1,0,0.3,down,0,11,2026-04-21T22:10:42Z
2026-04-21 16:16:09,BUF,0.0,0,0,0.0,0,0,0.44,down,0.0,0,0,0.0,0,0,0.3,down,0,7,2026-04-21T20:16:09Z
2026-04-21 14:01:40,BUF,0.0,0,0,0.0,0,0,0.44,down,0.0,0,0,0.0,0,0,0.3,down,0,11,2026-04-21T18:01:40Z
2026-04-21 12:01:22,BUF,0.0,0,0,0.0,0,0,0.44,down,0.42,5,4,0.0,0,0,0.3,down,0,11,2026-04-21T16:01:22Z
2026-04-21 10:02:11,BUF,0.0,0,0,0.44,45,0,0.48,down,0.08,1,1,0.23,23,0,0.27,down,0,11,2026-04-21T14:02:11Z
2026-04-21 08:16:56,BUF,1.17,14,5,0.44,45,0,0.48,down,0.25,3,1,0.22,22,0,0.27,down,0,14,2026-04-21T12:16:56Z
2026-04-21 06:39:21,BUF,3.92,47,5,0.4,40,0,0.48,down,0.42,5,2,0.21,21,0,0.27,down,0,22,2026-04-21T10:39:21Z
2026-04-20 22:10:28,BUF,1.0,12,2,0.13,13,0,0.48,down,0.42,5,1,0.03,3,0,0.27,down,0,18,2026-04-21T02:10:28Z
2026-04-20 20:11:51,BUF,1.08,13,8,0.11,10,0,0.48,down,0.0,0,0,0.02,2,0,0.27,down,0,14,2026-04-21T00:11:51Z
2026-04-20 18:31:23,BUF,1.17,14,7,0.08,7,0,0.48,down,0.0,0,0,0.01,1,0,0.27,down,0,14,2026-04-20T22:31:23Z
2026-04-20 16:04:26,BUF,0.0,0,0,0.0,0,0,0.48,down,0.0,0,0,0.01,1,0,0.27,down,0,18,2026-04-20T20:04:26Z
2026-04-20 14:08:30,BUF,0.0,0,0,0.0,0,0,0.48,down,0.42,5,2,0.01,1,0,0.27,down,0,11,2026-04-20T18:08:30Z
2026-04-20 12:34:22,BUF,0.0,0,0,0.0,0,0,0.48,down,0.42,5,4,0.01,1,0,0.27,down,0,18,2026-04-20T16:34:22Z
2026-04-20 10:06:59,BUF,0.0,0,0,0.44,40,0,0.28,down,0.79,10,3,0.22,21,0,0.12,down,0,22,2026-04-20T14:06:59Z
2026-04-20 08:04:47,BUF,0.42,5,3,0.39,36,0,0.28,up,0.42,5,2,0.19,18,0,0.13,down,0,11,2026-04-20T12:04:47Z
2026-04-20 06:37:09,BUF,1.17,14,3,0.35,32,0,0.28,down,0.42,5,3,0.18,17,0,0.12,down,0,14,2026-04-20T10:37:09Z
2026-04-19 22:15:15,BUF,1.83,22,8,0.16,14,0,0.28,down,0.42,5,1,0.01,1,0,0.12,down,0,22,2026-04-20T02:15:15Z
2026-04-19 20:02:25,BUF,0.67,8,4,0.06,5,0,0.28,down,0.0,0,0,0.0,0,0,0.13,down,0,7,2026-04-20T00:02:25Z
2026-04-19 18:12:53,BUF,0.96,12,4,0.05,4,0,0.28,down,0.0,0,0,0.0,0,0,0.13,down,0,7,2026-04-19T22:12:53Z
2026-04-19 16:16:23,BUF,0.0,0,0,0.0,0,0,0.28,down,0.0,0,0,0.0,0,0,0.13,down,0,7,2026-04-19T20:16:23Z
2026-04-19 14:01:11,BUF,0.0,0,0,0.0,0,0,0.28,down,0.0,0,0,0.0,0,0,0.13,down,0,18,2026-04-19T18:01:11Z
2026-04-19 12:01:21,BUF,0.0,0,0,0.0,0,0,0.28,down,0.42,5,0,0.0,0,0,0.13,down,0,7,2026-04-19T16:01:21Z
2026-04-19 10:20:00,BUF,0.0,0,0,0.28,24,0,0.36,down,0.42,5,1,0.13,10,0,0.26,down,0,14,2026-04-19T14:20:00Z
2026-04-19 08:02:32,BUF,0.79,10,2,0.28,24,0,0.36,up,0.42,5,3,0.11,9,0,0.26,down,0,18,2026-04-19T12:02:32Z
2026-04-19 06:13:03,BUF,1.17,14,3,0.27,23,0,0.36,up,0.42,5,2,0.1,8,0,0.26,down,0,22,2026-04-19T10:13:03Z
2026-04-18 22:33:42,BUF,0.58,7,1,0.06,5,0,0.36,down,0.42,5,1,0.01,1,0,0.26,down,0,32,2026-04-19T02:33:42Z
2026-04-18 20:03:02,BUF,0.75,9,4,0.05,4,0,0.36,up,0.0,0,0,0.0,0,0,0.26,down,0,22,2026-04-19T00:03:02Z
2026-04-18 18:41:32,BUF,0.71,8,3,0.04,3,0,0.36,up,0.0,0,0,0.0,0,0,0.26,down,0,18,2026-04-18T22:41:32Z
2026-04-18 16:19:41,BUF,0.0,0,0,0.0,0,0,0.36,down,0.0,0,0,0.0,0,0,0.26,down,0,18,2026-04-18T20:19:41Z
2026-04-18 14:01:06,BUF,0.0,0,0,0.0,0,0,0.36,down,0.0,0,0,0.0,0,0,0.26,down,0,7,2026-04-18T18:01:06Z
2026-04-18 12:19:10,BUF,0.0,0,0,0.0,0,0,0.36,down,0.42,5,3,0.0,0,0,0.26,down,0,11,2026-04-18T16:19:10Z
2026-04-18 10:16:33,BUF,0.0,0,0,0.36,36,0,0.32,down,0.42,5,1,0.23,21,0,0.2,down,0,11,2026-04-18T14:16:33Z
2026-04-18 08:16:34,BUF,0.83,10,4,0.36,36,0,0.32,up,0.0,0,0,0.22,20,0,0.2,up,0,14,2026-04-18T12:16:34Z
2026-04-18 06:17:27,BUF,3.54,30,7,0.32,32,0,0.32,down,0.42,5,4,0.2,18,0,0.2,down,0,11,2026-04-18T10:17:27Z
2026-04-17 22:23:27,BUF,0.5,6,1,0.11,10,0,0.32,down,0.42,5,1,0.06,5,0,0.2,down,0,7,2026-04-18T02:23:27Z
2026-04-17 20:11:52,BUF,0.92,11,3,0.1,9,0,0.32,up,0.0,0,0,0.05,4,0,0.2,down,0,7,2026-04-18T00:11:52Z
2026-04-17 18:01:43,BUF,0.0,0,0,0.02,2,0,0.32,up,0.0,0,0,0.02,2,0,0.2,down,0,14,2026-04-17T22:01:43Z
2026-04-17 16:16:22,BUF,0.0,0,0,0.0,0,0,0.32,down,0.0,0,0,0.01,1,0,0.2,down,0,7,2026-04-17T20:16:22Z
2026-04-17 14:01:20,BUF,0.0,0,0,0.0,0,0,0.32,down,0.0,0,0,0.01,1,0,0.2,down,0,0,2026-04-17T18:01:20Z
2026-04-17 12:40:54,BUF,0.0,0,0,0.0,0,0,0.32,down,0.42,5,3,0.0,0,0,0.2,down,0,14,2026-04-17T16:40:54Z
2026-04-17 10:07:46,BUF,0.0,0,0,0.32,30,0,0.33,down,0.83,10,2,0.16,15,0,0.29,down,0,11,2026-04-17T14:07:46Z
2026-04-17 08:32:03,BUF,0.58,7,4,0.32,30,0,0.33,up,0.42,5,2,0.14,13,0,0.29,down,0,7,2026-04-17T12:32:03Z
2026-04-17 06:35:08,BUF,2.25,27,6,0.28,26,0,0.33,down,0.42,5,1,0.1,9,0,0.29,down,0,22,2026-04-17T10:35:08Z
2026-04-16 22:24:14,BUF,0.83,10,3,0.12,11,0,0.33,down,0.42,5,1,0.02,2,0,0.29,down,0,22,2026-04-17T02:24:14Z
2026-04-16 20:06:07,BUF,1.08,10,6,0.08,7,0,0.33,down,0.0,0,0,0.01,1,0,0.29,down,0,14,2026-04-17T00:06:07Z
2026-04-16 18:02:41,BUF,0.0,0,0,0.0,0,0,0.33,up,0.0,0,0,0.01,1,0,0.29,down,0,11,2026-04-16T22:02:41Z
2026-04-16 16:10:40,BUF,0.0,0,0,0.0,0,0,0.33,down,0.0,0,0,0.0,0,0,0.29,down,0,11,2026-04-16T20:10:40Z
2026-04-16 14:04:03,BUF,0.0,0,0,0.0,0,0,0.33,down,0.0,0,0,0.0,0,0,0.29,down,0,18,2026-04-16T18:04:03Z
2026-04-16 12:03:01,BUF,0.0,0,0,0.0,0,0,0.33,down,0.42,5,3,0.0,0,0,0.29,down,0,14,2026-04-16T16:03:01Z
2026-04-16 10:02:25,BUF,0.0,0,0,0.32,29,0,0.3,down,1.67,20,5,0.24,24,0,0.29,down,0,14,2026-04-16T14:02:25Z
2026-04-16 08:01:25,BUF,0.5,6,1,0.31,28,0,0.3,up,0.42,5,3,0.19,19,0,0.29,down,0,18,2026-04-16T12:01:25Z
2026-04-16 06:24:11,BUF,0.96,12,4,0.28,25,0,0.3,down,0.42,5,3,0.19,19,0,0.29,down,0,7,2026-04-16T10:24:11Z
2026-04-15 22:05:31,BUF,0.92,11,3,0.14,12,0,0.3,down,0.42,5,4,0.09,8,0,0.29,down,0,36,2026-04-16T02:05:31Z
2026-04-15 20:08:03,BUF,0.71,8,2,0.09,8,0,0.3,down,0.0,0,0,0.05,4,0,0.29,down,0,29,2026-04-16T00:08:03Z
2026-04-15 18:02:46,BUF,0.0,0,0,0.01,1,0,0.3,down,0.0,0,0,0.04,3,0,0.29,down,0,25,2026-04-15T22:02:46Z
2026-04-15 16:01:09,BUF,0.0,0,0,0.0,0,0,0.3,down,0.0,0,0,0.01,1,0,0.29,down,0,7,2026-04-15T20:01:09Z
2026-04-15 14:07:33,BUF,0.0,0,0,0.0,0,0,0.3,down,0.0,0,0,0.01,1,0,0.29,down,0,11,2026-04-15T18:07:33Z
2026-04-15 12:01:27,BUF,0.0,0,0,0.0,0,0,0.3,down,0.42,5,7,0.0,0,0,0.29,up,0,0,2026-04-15T16:01:27Z
2026-04-15 10:06:23,BUF,0.0,0,0,0.29,29,0,0.34,down,0.42,5,3,0.22,22,0,0.18,down,0,14,2026-04-15T14:06:23Z
2026-04-15 08:29:24,BUF,0.33,4,2,0.29,29,0,0.34,down,0.0,0,0,0.18,18,0,0.18,up,0,14,2026-04-15T12:29:24Z
2026-04-15 08:15:11,BUF,0.33,4,2,0.29,29,0,0.34,down,0.0,0,0,0.18,18,0,0.18,up,0,14,2026-04-15T12:15:11Z
2026-04-15 08:01:54,BUF,0.5,6,3,0.29,28,0,0.34,down,0.42,5,1,0.19,18,0,0.18,down,0,18,2026-04-15T12:01:54Z
2026-04-15 06:22:57,BUF,0.42,5,4,0.28,27,0,0.34,up,0.42,5,3,0.18,17,0,0.18,down,0,18,2026-04-15T10:22:57Z
2026-04-14 22:01:42,BUF,0.83,10,1,0.13,12,0,0.34,down,0.0,0,0,0.03,3,0,0.18,up,0,29,2026-04-15T02:01:42Z
2026-04-14 20:11:05,BUF,0.75,9,3,0.13,12,0,0.34,up,0.0,0,0,0.03,3,0,0.18,down,0,22,2026-04-15T00:11:05Z
2026-04-14 18:30:48,BUF,0.83,10,6,0.09,8,0,0.34,up,2.5,30,3,0.03,3,0,0.18,up,0,18,2026-04-14T22:30:48Z
2026-04-14 16:16:13,BUF,0.0,0,0,0.02,2,0,0.34,down,0.0,0,0,0.0,0,0,0.18,down,0,14,2026-04-14T20:16:13Z
2026-04-14 14:01:44,BUF,0.0,0,0,0.0,0,0,0.34,down,0.0,0,0,0.0,0,0,0.18,down,0,14,2026-04-14T18:01:44Z
2026-04-14 12:00:54,BUF,0.0,0,0,0.0,0,0,0.34,down,0.42,5,2,0.0,0,0,0.18,down,0,11,2026-04-14T16:00:54Z
2026-04-14 10:31:18,BUF,0.0,0,0,0.33,29,0,0.32,down,0.42,5,1,0.16,15,0,0.24,up,0,11,2026-04-14T14:31:18Z
2026-04-14 08:03:21,BUF,0.75,9,4,0.33,29,0,0.32,up,0.42,5,1,0.14,13,0,0.24,down,0,11,2026-04-14T12:03:21Z
2026-04-14 06:13:06,BUF,1.83,22,5,0.28,25,0,0.32,up,0.42,5,1,0.13,12,0,0.24,up,0,18,2026-04-14T10:13:06Z
2026-04-13 22:03:13,BUF,0.58,7,2,0.08,7,0,0.32,up,0.42,5,3,0.05,4,0,0.24,down,0,32,2026-04-14T02:03:13Z
2026-04-13 20:04:53,BUF,0.08,1,1,0.05,4,0,0.32,down,0.0,0,0,0.01,1,0,0.24,down,0,29,2026-04-14T00:04:53Z
2026-04-13 18:01:36,BUF,0.0,0,0,0.01,1,0,0.32,down,0.0,0,0,0.01,1,0,0.24,down,0,29,2026-04-13T22:01:36Z
2026-04-13 16:17:33,BUF,0.0,0,0,0.0,0,0,0.32,down,0.0,0,0,0.01,1,0,0.24,down,0,22,2026-04-13T20:17:33Z
2026-04-13 16:02:15,BUF,0.0,0,0,0.0,0,0,0.32,down,0.0,0,0,0.01,1,0,0.24,down,0,18,2026-04-13T20:02:15Z
2026-04-13 14:01:14,BUF,0.0,0,0,0.0,0,0,0.32,down,0.42,5,2,0.01,1,0,0.24,down,0,22,2026-04-13T18:01:14Z
2026-04-13 12:01:40,BUF,0.0,0,0,0.32,31,0,0.32,down,0.42,5,3,0.22,22,0,0.28,down,0,29,2026-04-13T16:01:40Z
2026-04-13 10:04:59,BUF,0.0,0,0,0.32,31,0,0.32,down,0.42,5,1,0.19,19,0,0.28,down,0,25,2026-04-13T14:04:59Z
2026-04-13 08:03:02,BUF,0.58,7,3,0.3,29,0,0.32,down,0.42,5,2,0.18,18,0,0.28,up,0,18,2026-04-13T12:03:02Z
2026-04-13 06:18:19,BUF,2.08,25,5,0.25,24,0,0.32,up,0.42,5,3,0.16,16,0,0.28,down,0,22,2026-04-13T10:18:19Z
2026-04-12 22:31:22,BUF,0.29,4,1,0.04,4,0,0.32,up,0.42,5,1,0.03,3,0,0.28,down,0,11,2026-04-13T02:31:22Z
2026-04-12 22:23:31,BUF,0.29,4,1,0.04,4,0,0.32,up,0.42,5,1,0.03,3,0,0.28,down,0,11,2026-04-13T02:23:31Z
2026-04-12 20:07:59,BUF,0.33,4,0,0.04,3,0,0.32,up,0.0,0,0,0.02,2,0,0.28,down,0,14,2026-04-13T00:07:59Z
2026-04-12 18:05:40,BUF,0.96,12,2,0.02,2,0,0.32,down,0.0,0,0,0.01,1,0,0.28,down,0,14,2026-04-12T22:05:40Z
2026-04-12 16:05:58,BUF,0.0,0,0,0.0,0,0,0.32,down,0.0,0,0,0.01,1,0,0.28,down,0,22,2026-04-12T20:05:58Z
2026-04-12 14:06:31,BUF,0.0,0,0,0.0,0,0,0.32,down,0.0,0,0,0.0,0,0,0.28,down,0,7,2026-04-12T18:06:31Z
2026-04-12 12:01:12,BUF,0.0,0,0,0.0,0,0,0.32,down,0.42,5,3,0.0,0,0,0.28,down,0,7,2026-04-12T16:01:12Z
2026-04-12 10:12:39,BUF,0.0,0,0,0.32,31,0,0.22,down,0.42,5,1,0.25,25,0,0.17,down,0,0,2026-04-12T14:12:39Z
2026-04-12 08:01:59,BUF,0.42,5,0,0.31,30,0,0.22,down,0.42,5,3,0.24,24,0,0.17,down,0,11,2026-04-12T12:01:59Z
2026-04-12 06:07:25,BUF,1.54,18,8,0.28,27,0,0.22,down,0.42,5,5,0.21,21,0,0.17,down,0,18,2026-04-12T10:07:25Z
2026-04-11 22:06:25,BUF,0.92,11,2,0.08,7,0,0.22,down,0.42,5,1,0.02,2,0,0.17,down,0,11,2026-04-12T02:06:25Z
2026-04-11 20:21:09,BUF,0.38,4,1,0.06,5,0,0.22,down,0.0,0,0,0.01,1,0,0.17,down,0,18,2026-04-12T00:21:09Z
2026-04-11 18:02:52,BUF,0.75,9,2,0.05,4,0,0.22,up,0.0,0,0,0.01,1,0,0.17,down,0,7,2026-04-11T22:02:52Z
2026-04-11 16:16:36,BUF,0.0,0,0,0.0,0,0,0.22,down,0.0,0,0,0.01,1,0,0.17,down,0,7,2026-04-11T20:16:36Z
2026-04-11 14:01:05,BUF,0.0,0,0,0.0,0,0,0.22,down,0.0,0,0,0.01,1,0,0.17,down,0,18,2026-04-11T18:01:05Z
2026-04-11 12:00:51,BUF,0.0,0,0,0.0,0,0,0.22,down,0.42,5,3,0.0,0,0,0.17,down,0,7,2026-04-11T16:00:51Z
2026-04-11 10:01:25,BUF,0.0,0,0,0.22,20,0,0.35,down,0.0,0,0,0.14,12,0,0.21,down,0,14,2026-04-11T14:01:25Z
2026-04-11 08:11:33,BUF,0.29,4,3,0.21,19,0,0.35,down,1.04,12,5,0.11,10,0,0.21,up,0,0,2026-04-11T12:11:33Z
2026-04-11 06:12:11,BUF,0.75,9,2,0.17,16,0,0.35,up,0.42,5,0,0.06,5,0,0.21,down,0,14,2026-04-11T10:12:11Z
2026-04-10 22:05:09,BUF,0.67,8,3,0.09,8,0,0.35,down,0.42,5,1,0.03,2,0,0.21,down,0,11,2026-04-11T02:05:09Z
2026-04-10 20:37:55,BUF,0.33,4,2,0.06,5,0,0.35,up,0.0,0,0,0.01,1,0,0.21,down,0,11,2026-04-11T00:37:55Z
2026-04-10 18:12:37,BUF,0.42,5,2,0.02,2,0,0.35,down,0.0,0,0,0.0,0,0,0.21,down,0,14,2026-04-10T22:12:37Z
2026-04-10 16:16:30,BUF,0.0,0,0,0.0,0,0,0.35,down,0.0,0,0,0.0,0,0,0.21,down,0,7,2026-04-10T20:16:30Z
2026-04-10 14:18:23,BUF,0.0,0,0,0.0,0,0,0.35,down,0.0,0,0,0.0,0,0,0.21,down,0,14,2026-04-10T18:18:23Z
2026-04-10 12:23:57,BUF,0.0,0,0,0.0,0,0,0.35,down,0.42,5,1,0.0,0,0,0.21,down,0,14,2026-04-10T16:23:57Z
2026-04-10 10:44:31,BUF,0.0,0,0,0.35,33,0,0.4,down,0.42,5,2,0.2,19,0,0.26,down,0,22,2026-04-10T14:44:31Z
2026-04-10 08:02:29,BUF,1.67,20,6,0.33,31,0,0.4,down,0.96,12,4,0.16,16,0,0.26,up,0,22,2026-04-10T12:02:29Z
2026-04-10 07:11:12,BUF,0.54,6,3,0.3,28,0,0.4,up,0.42,5,4,0.15,14,0,0.26,down,0,22,2026-04-10T11:11:12Z
2026-04-09 22:02:22,BUF,0.33,4,0,0.09,8,0,0.4,down,0.42,5,0,0.02,2,0,0.26,down,0,29,2026-04-10T02:02:22Z
2026-04-09 20:16:11,BUF,0.42,5,2,0.09,8,0,0.4,down,0.0,0,0,0.02,2,0,0.26,up,0,36,2026-04-10T00:16:11Z
2026-04-09 18:05:25,BUF,0.92,11,5,0.06,5,0,0.4,up,0.0,0,0,0.02,2,0,0.26,down,0,25,2026-04-09T22:05:25Z
2026-04-09 16:18:14,BUF,0.0,0,0,0.0,0,0,0.4,down,0.0,0,0,0.0,0,0,0.26,down,0,18,2026-04-09T20:18:14Z
2026-04-09 14:01:16,BUF,0.0,0,0,0.0,0,0,0.4,down,0.0,0,0,0.0,0,0,0.26,down,0,18,2026-04-09T18:01:16Z
2026-04-09 12:48:51,BUF,0.0,0,0,0.0,0,0,0.4,down,0.42,5,5,0.0,0,0,0.26,down,0,18,2026-04-09T16:48:51Z
2026-04-09 10:03:18,BUF,0.0,0,0,0.4,40,0,0.53,down,0.75,9,3,0.2,20,0,0.22,down,0,18,2026-04-09T14:03:18Z
2026-04-09 08:02:30,BUF,0.33,4,2,0.41,40,0,0.53,down,0.42,5,2,0.16,16,0,0.22,down,0,7,2026-04-09T12:02:30Z
2026-04-09 06:10:16,BUF,0.75,9,3,0.38,37,0,0.53,down,0.42,5,1,0.15,14,0,0.22,down,0,7,2026-04-09T10:10:16Z
2026-04-08 22:12:10,BUF,0.54,6,3,0.23,22,0,0.53,down,0.42,5,1,0.04,4,0,0.22,down,0,11,2026-04-09T02:12:10Z
2026-04-08 20:04:55,BUF,1.33,16,7,0.19,18,0,0.53,up,0.42,5,2,0.03,3,0,0.22,down,0,11,2026-04-09T00:04:55Z
2026-04-08 18:05:21,BUF,1.75,21,8,0.1,9,0,0.53,down,0.0,0,0,0.01,1,0,0.22,down,0,11,2026-04-08T22:05:21Z
2026-04-08 16:18:03,BUF,0.0,0,0,0.01,1,0,0.53,down,0.0,0,0,0.0,0,0,0.22,down,0,7,2026-04-08T20:18:03Z
2026-04-08 14:01:24,BUF,0.0,0,0,0.01,1,0,0.53,down,0.0,0,0,0.0,0,0,0.22,down,0,7,2026-04-08T18:01:24Z
2026-04-08 12:01:12,BUF,0.0,0,0,0.0,0,0,0.53,down,0.42,5,3,0.0,0,0,0.22,down,0,11,2026-04-08T16:01:12Z
2026-04-08 10:15:49,BUF,0.0,0,0,0.53,49,0,0.34,down,0.42,5,1,0.18,17,0,0.26,down,0,11,2026-04-08T14:15:49Z
2026-04-08 08:16:35,BUF,1.21,14,3,0.54,49,0,0.34,down,0.42,5,0,0.17,16,0,0.26,down,0,14,2026-04-08T12:16:35Z
2026-04-08 06:03:46,BUF,1.92,23,7,0.51,46,0,0.34,up,0.42,5,3,0.16,15,0,0.26,down,0,22,2026-04-08T10:03:46Z
2026-04-07 22:04:54,BUF,1.08,13,2,0.24,21,0,0.34,up,0.42,5,1,0.03,3,0,0.26,down,0,32,2026-04-08T02:04:54Z
2026-04-07 20:06:40,BUF,1.5,18,6,0.18,16,0,0.34,down,0.0,0,0,0.01,1,0,0.26,down,0,29,2026-04-08T00:06:40Z
2026-04-07 18:27:27,BUF,1.0,12,5,0.1,8,0,0.34,up,0.0,0,0,0.01,1,0,0.26,down,0,32,2026-04-07T22:27:27Z
2026-04-07 16:02:35,BUF,0.0,0,0,0.0,0,0,0.34,down,0.0,0,0,0.0,0,0,0.26,down,0,25,2026-04-07T20:02:35Z
2026-04-07 14:18:40,BUF,0.0,0,0,0.0,0,0,0.34,down,0.0,0,0,0.0,0,0,0.26,down,0,47,2026-04-07T18:18:40Z
2026-04-07 12:01:44,BUF,0.42,5,1,0.0,0,0,0.34,down,0.42,5,2,0.0,0,0,0.26,down,0,25,2026-04-07T16:01:44Z
2026-04-07 10:27:33,BUF,0.0,0,0,0.33,30,0,0.41,down,0.0,0,0,0.23,21,0,0.31,down,0,14,2026-04-07T14:27:33Z
2026-04-07 08:01:18,BUF,1.0,12,3,0.33,29,0,0.41,up,1.08,13,5,0.23,21,0,0.31,down,0,7,2026-04-07T12:01:18Z
2026-04-07 06:03:02,BUF,1.0,12,4,0.27,24,0,0.41,down,0.42,5,3,0.18,16,0,0.31,down,0,14,2026-04-07T10:03:02Z
2026-04-06 22:17:02,BUF,1.25,15,3,0.07,6,0,0.41,down,0.42,5,2,0.05,4,0,0.31,down,0,7,2026-04-07T02:17:02Z
2026-04-06 20:13:05,BUF,0.75,9,2,0.02,2,0,0.41,up,0.0,0,0,0.01,1,0,0.31,down,0,18,2026-04-07T00:13:05Z
2026-04-06 18:33:03,BUF,1.17,9,0,0.0,0,0,0.41,down,0.0,0,0,0.01,1,0,0.31,down,0,18,2026-04-06T22:33:03Z
2026-04-06 16:16:01,BUF,0.0,0,0,0.0,0,0,0.41,down,0.0,0,0,0.01,1,0,0.31,down,0,18,2026-04-06T20:16:01Z
2026-04-06 14:06:02,BUF,0.0,0,0,0.0,0,0,0.41,down,0.0,0,0,0.01,1,0,0.31,down,0,22,2026-04-06T18:06:02Z
2026-04-06 12:03:18,BUF,0.0,0,0,0.0,0,0,0.41,down,0.69,5,5,0.0,0,0,0.31,up,0,18,2026-04-06T16:03:18Z
2026-04-06 10:10:00,BUF,0.0,0,0,0.41,33,0,0.31,down,0.0,0,0,0.24,19,0,0.31,down,0,25,2026-04-06T14:10:00Z
2026-04-06 08:14:28,BUF,1.58,13,4,0.38,31,0,0.31,up,0.87,5,4,0.23,18,0,0.31,up,0,32,2026-04-06T12:14:28Z
2026-04-06 06:05:37,BUF,2.67,32,6,0.33,27,0,0.31,down,0.42,5,4,0.18,14,0,0.31,down,0,29,2026-04-06T10:05:37Z
2026-04-05 22:09:21,BUF,0.0,0,0,0.05,4,0,0.31,up,0.0,0,0,0.03,2,0,0.31,down,0,32,2026-04-06T02:09:21Z
2026-04-05 20:10:47,BUF,0.58,7,1,0.04,3,0,0.31,down,0.0,0,0,0.01,1,0,0.31,down,0,29,2026-04-06T00:10:47Z
2026-04-05 18:04:15,BUF,0.75,9,1,0.03,2,0,0.31,down,0.0,0,0,0.01,1,0,0.31,down,0,29,2026-04-05T22:04:15Z
2026-04-05 16:13:15,BUF,0.0,0,0,0.01,1,0,0.31,down,0.0,0,0,0.01,1,0,0.31,down,0,22,2026-04-05T20:13:15Z
2026-04-05 14:07:20,BUF,0.0,0,0,0.01,1,0,0.31,down,0.0,0,0,0.01,1,0,0.31,down,0,22,2026-04-05T18:07:20Z
2026-04-05 12:07:58,BUF,0.0,0,0,0.0,0,0,0.31,down,0.71,5,7,0.01,1,0,0.31,down,0,25,2026-04-05T16:07:58Z
2026-04-05 10:04:30,BUF,0.0,0,0,0.31,25,0,0.46,down,0.42,5,2,0.24,20,0,0.33,down,0,22,2026-04-05T14:04:30Z
2026-04-05 08:19:24,BUF,1.46,10,1,0.27,22,0,0.46,down,0.46,6,3,0.21,18,0,0.33,down,0,22,2026-04-05T12:19:24Z
2026-04-05 06:12:45,BUF,0.71,8,2,0.23,19,0,0.46,down,0.42,5,1,0.18,15,0,0.33,down,0,14,2026-04-05T10:12:45Z
2026-04-04 22:23:39,BUF,0.46,6,1,0.13,10,0,0.46,down,0.42,5,2,0.05,4,0,0.33,down,0,29,2026-04-05T02:23:39Z
2026-04-04 20:04:57,BUF,0.58,7,2,0.12,9,0,0.46,down,0.0,0,0,0.03,2,0,0.33,down,0,25,2026-04-05T00:04:57Z
2026-04-04 18:02:53,BUF,0.83,10,5,0.07,5,0,0.46,down,0.0,0,0,0.03,2,0,0.33,down,0,22,2026-04-04T22:02:53Z
2026-04-04 16:25:37,BUF,0.0,0,0,0.0,0,0,0.46,down,0.0,0,0,0.03,2,0,0.33,down,0,14,2026-04-04T20:25:37Z
2026-04-04 14:13:59,BUF,0.0,0,0,0.0,0,0,0.46,down,0.0,0,0,0.03,2,0,0.33,down,0,11,2026-04-04T18:13:59Z
2026-04-04 12:03:28,BUF,0.0,0,0,0.0,0,0,0.46,down,0.69,5,6,0.01,1,0,0.33,up,0,18,2026-04-04T16:03:28Z
2026-04-04 10:25:33,BUF,0.0,0,0,0.46,43,0,0.34,down,0.0,0,0,0.27,24,0,0.33,down,0,25,2026-04-04T14:25:33Z
2026-04-04 08:18:37,BUF,1.33,16,4,0.45,42,0,0.34,up,1.08,13,4,0.27,24,0,0.33,down,0,14,2026-04-04T12:18:37Z
2026-04-04 06:23:03,BUF,3.75,45,6,0.39,36,0,0.34,down,0.83,10,5,0.22,20,0,0.33,down,0,22,2026-04-04T10:23:03Z
2026-04-03 22:08:55,BUF,0.67,8,2,0.13,12,0,0.34,down,0.42,5,0,0.06,5,0,0.33,down,0,25,2026-04-04T02:08:55Z
2026-04-03 20:05:04,BUF,1.25,10,3,0.1,9,0,0.34,up,0.0,0,0,0.06,5,0,0.33,down,0,32,2026-04-04T00:05:04Z
2026-04-03 18:01:24,BUF,0.86,6,1,0.02,2,0,0.34,up,0.0,0,0,0.06,5,0,0.33,up,0,22,2026-04-03T22:01:24Z
2026-04-03 16:14:51,BUF,0.0,0,0,0.0,0,0,0.34,down,0.0,0,0,0.03,2,0,0.33,down,0,22,2026-04-03T20:14:51Z
2026-04-03 14:15:33,BUF,0.0,0,0,0.0,0,0,0.34,down,0.0,0,0,0.03,2,0,0.33,down,0,25,2026-04-03T18:15:33Z
2026-04-03 12:07:21,BUF,0.0,0,0,0.0,0,0,0.34,down,0.94,5,4,0.01,1,0,0.33,up,0,29,2026-04-03T16:07:21Z
2026-04-03 10:01:10,BUF,0.25,3,0,0.33,34,0,0.4,down,2.46,30,7,0.3,33,0,0.28,up,0,22,2026-04-03T14:01:10Z
2026-04-03 08:14:15,BUF,0.46,6,5,0.33,34,0,0.4,down,0.42,5,2,0.24,26,0,0.28,down,0,22,2026-04-03T12:14:15Z
2026-04-03 06:02:43,BUF,3.42,32,8,0.29,29,0,0.4,up,0.75,6,9,0.21,23,0,0.28,down,0,14,2026-04-03T10:02:43Z
2026-04-02 22:33:21,BUF,1.25,15,3,0.1,9,0,0.4,up,0.42,5,1,0.06,6,0,0.28,down,0,22,2026-04-03T02:33:21Z
2026-04-02 20:01:04,BUF,0.58,7,3,0.07,6,0,0.4,down,0.0,0,0,0.05,5,0,0.28,down,0,22,2026-04-03T00:01:04Z
2026-04-02 18:03:49,BUF,1.08,7,2,0.03,3,0,0.4,down,0.0,0,0,0.04,4,0,0.28,down,0,18,2026-04-02T22:03:49Z
2026-04-02 16:07:36,BUF,0.0,0,0,0.0,0,0,0.4,down,0.0,0,0,0.02,2,0,0.28,down,0,22,2026-04-02T20:07:36Z
2026-04-02 14:37:36,BUF,0.0,0,0,0.0,0,0,0.4,down,0.0,0,0,0.02,2,0,0.28,down,0,29,2026-04-02T18:37:36Z
2026-04-02 13:07:36,BUF,0.0,0,0,0.0,0,0,0.4,down,1.29,10,4,0.02,2,0,0.28,down,0,25,2026-04-02T17:07:36Z
2026-04-02 10:03:17,BUF,0.0,0,0,0.39,34,0,0.57,down,0.0,0,0,0.18,15,0,0.3,down,0,25,2026-04-02T14:03:17Z
2026-04-02 08:56:08,BUF,3.25,39,5,0.39,34,0,0.57,up,0.54,6,3,0.18,15,0,0.3,up,0,29,2026-04-02T12:56:08Z
2026-04-02 08:20:14,BUF,2.83,34,8,0.38,33,0,0.57,down,0.58,7,3,0.14,12,0,0.3,up,0,29,2026-04-02T12:20:14Z
2026-04-02 06:25:07,BUF,2.88,34,6,0.29,25,0,0.57,down,0.42,5,3,0.11,9,0,0.3,down,0,25,2026-04-02T10:25:07Z
2026-04-01 22:03:19,BUF,0.08,1,1,0.07,6,0,0.57,down,0.42,5,0,0.01,1,0,0.3,down,0,18,2026-04-02T02:03:19Z
2026-04-01 20:06:38,BUF,1.42,11,3,0.05,4,0,0.57,down,0.0,0,0,0.01,1,0,0.3,down,0,22,2026-04-02T00:06:38Z
2026-04-01 18:28:04,BUF,0.83,10,2,0.02,2,0,0.57,down,0.0,0,0,0.01,1,0,0.3,down,0,14,2026-04-01T22:28:04Z
2026-04-01 16:12:22,BUF,0.0,0,0,0.0,0,0,0.57,down,0.0,0,0,0.01,1,0,0.3,down,0,14,2026-04-01T20:12:22Z
2026-04-01 14:03:24,BUF,0.0,0,0,0.0,0,0,0.57,down,0.0,0,0,0.01,1,0,0.3,down,0,18,2026-04-01T18:03:24Z
2026-04-01 12:15:57,BUF,1.08,13,2,0.0,0,0,0.57,down,0.42,5,6,0.01,1,0,0.3,down,0,18,2026-04-01T16:15:57Z
2026-04-01 10:13:32,BUF,0.0,0,0,0.55,48,0,0.27,down,0.0,0,0,0.23,20,0,0.15,down,0,22,2026-04-01T14:13:32Z
2026-04-01 08:37:03,BUF,3.0,36,8,0.53,47,0,0.27,down,0.42,5,3,0.2,18,0,0.15,down,0,32,2026-04-01T12:37:03Z
2026-04-01 08:24:58,BUF,3.0,36,8,0.53,47,0,0.27,down,0.42,5,3,0.2,18,0,0.15,down,0,32,2026-04-01T12:24:58Z
2026-04-01 06:02:52,BUF,3.93,42,8,0.45,39,0,0.27,up,1.25,9,4,0.17,15,0,0.15,down,0,22,2026-04-01T10:02:52Z
2026-03-31 22:04:20,BUF,0.5,6,1,0.16,14,0,0.27,down,0.0,0,0,0.04,3,0,0.15,up,0,22,2026-04-01T02:04:20Z
2026-03-31 20:05:17,BUF,1.17,14,4,0.15,13,0,0.27,down,0.0,0,0,0.04,3,0,0.15,down,0,18,2026-04-01T00:05:17Z
2026-03-31 18:05:35,BUF,0.83,10,5,0.07,6,0,0.27,up,0.0,0,0,0.01,1,0,0.15,down,0,14,2026-03-31T22:05:35Z
2026-03-31 16:16:03,BUF,0.0,0,0,0.0,0,0,0.27,down,0.0,0,0,0.0,0,0,0.15,down,0,40,2026-03-31T20:16:03Z
2026-03-31 14:45:33,BUF,0.0,0,0,0.0,0,0,0.27,down,0.0,0,0,0.0,0,0,0.15,down,0,25,2026-03-31T18:45:33Z
2026-03-31 12:01:57,BUF,0.0,0,0,0.0,0,0,0.27,down,0.42,5,4,0.0,0,0,0.15,down,0,14,2026-03-31T16:01:57Z
2026-03-31 10:01:47,BUF,0.0,0,0,0.26,24,0,0.34,down,0.42,5,1,0.11,10,0,0.21,down,0,0,2026-03-31T14:01:47Z
2026-03-31 08:04:58,BUF,0.5,6,3,0.26,24,0,0.34,down,0.42,5,3,0.09,8,0,0.21,down,0,11,2026-03-31T12:04:58Z
2026-03-31 06:28:28,BUF,1.67,15,5,0.23,21,0,0.34,down,0.42,5,0,0.05,5,0,0.21,down,0,14,2026-03-31T10:28:28Z
2026-03-30 22:08:17,BUF,0.75,9,1,0.06,5,0,0.34,down,0.42,5,0,0.01,1,0,0.21,down,0,25,2026-03-31T02:08:17Z
2026-03-30 20:27:44,BUF,0.46,6,2,0.05,4,0,0.34,down,0.0,0,0,0.01,1,0,0.21,down,0,22,2026-03-31T00:27:44Z
2026-03-30 18:03:13,BUF,0.89,4,0,0.03,2,0,0.34,down,0.0,0,0,0.0,0,0,0.21,down,0,7,2026-03-30T22:03:13Z
2026-03-30 16:03:03,BUF,0.0,0,0,0.0,0,0,0.34,down,0.0,0,0,0.0,0,0,0.21,down,0,11,2026-03-30T20:03:03Z
2026-03-30 14:20:44,BUF,0.0,0,0,0.0,0,0,0.34,down,0.0,0,0,0.0,0,0,0.21,down,0,7,2026-03-30T18:20:44Z
2026-03-30 14:09:19,BUF,0.0,0,0,0.0,0,0,0.34,down,0.0,0,0,0.0,0,0,0.21,down,0,7,2026-03-30T18:09:19Z
2026-03-30 12:12:03,BUF,0.0,0,0,0.0,0,0,0.34,down,0.77,5,2,0.0,0,0,0.21,down,0,7,2026-03-30T16:12:03Z
2026-03-30 10:28:30,BUF,0.0,0,0,0.33,29,0,0.57,down,0.63,8,2,0.19,16,0,0.29,up,0,7,2026-03-30T14:28:30Z
2026-03-30 08:01:30,BUF,1.0,12,2,0.32,28,0,0.57,up,0.42,5,4,0.15,13,0,0.29,down,0,11,2026-03-30T12:01:30Z
2026-03-30 06:19:54,BUF,0.75,9,2,0.28,24,0,0.57,down,0.42,5,1,0.11,9,0,0.29,down,0,7,2026-03-30T10:19:54Z
2026-03-29 22:09:03,BUF,0.71,8,1,0.07,6,0,0.57,down,0.42,5,2,0.04,3,0,0.29,down,0,29,2026-03-30T02:09:03Z
2026-03-29 20:13:00,BUF,0.75,9,0,0.06,5,0,0.57,down,0.0,0,0,0.0,0,0,0.29,down,0,22,2026-03-30T00:13:00Z
2026-03-29 18:15:35,BUF,1.0,12,4,0.05,4,0,0.57,down,0.0,0,0,0.0,0,0,0.29,down,0,14,2026-03-29T22:15:35Z
2026-03-29 16:14:19,BUF,0.0,0,0,0.0,0,0,0.57,down,0.0,0,0,0.0,0,0,0.29,down,0,11,2026-03-29T20:14:19Z
2026-03-29 14:32:31,BUF,0.0,0,0,0.0,0,0,0.57,down,0.0,0,0,0.0,0,0,0.29,down,0,14,2026-03-29T18:32:31Z
2026-03-29 12:12:07,BUF,0.0,0,0,0.0,0,0,0.57,down,0.42,5,2,0.0,0,0,0.29,down,0,14,2026-03-29T16:12:07Z
2026-03-29 10:25:21,BUF,0.0,0,0,0.57,48,0,0.42,down,4.0,48,5,0.26,22,0,0.25,down,0,18,2026-03-29T14:25:21Z
2026-03-29 08:18:20,BUF,1.0,12,5,0.54,45,0,0.42,up,0.42,5,3,0.2,16,0,0.25,down,0,22,2026-03-29T12:18:20Z
2026-03-29 06:09:49,BUF,0.46,6,2,0.46,39,0,0.42,down,0.42,5,1,0.16,13,0,0.25,down,0,36,2026-03-29T10:09:49Z
2026-03-28 22:42:28,BUF,1.08,13,3,0.26,21,0,0.42,down,0.42,5,1,0.04,3,0,0.25,down,0,22,2026-03-29T02:42:28Z
2026-03-28 22:21:39,BUF,1.25,15,3,0.23,19,0,0.42,down,0.42,5,1,0.04,3,0,0.25,down,0,22,2026-03-29T02:21:39Z
2026-03-28 20:08:25,BUF,0.92,11,2,0.19,15,0,0.42,up,0.0,0,0,0.03,2,0,0.25,down,0,22,2026-03-29T00:08:25Z
2026-03-28 18:04:05,BUF,1.17,14,7,0.11,9,0,0.42,down,0.0,0,0,0.03,2,0,0.25,down,0,7,2026-03-28T22:04:05Z
2026-03-28 16:14:30,BUF,0.0,0,0,0.0,0,0,0.42,down,0.0,0,0,0.03,2,0,0.25,down,0,7,2026-03-28T20:14:30Z
2026-03-28 14:10:11,BUF,0.0,0,0,0.0,0,0,0.42,down,0.0,0,0,0.01,1,0,0.25,down,0,14,2026-03-28T18:10:11Z
2026-03-28 12:06:22,BUF,0.0,0,0,0.0,0,0,0.42,down,0.75,5,2,0.01,1,0,0.25,down,0,7,2026-03-28T16:06:22Z
2026-03-28 10:22:27,BUF,0.0,0,0,0.4,42,0,0.38,down,0.42,5,1,0.22,22,0,0.33,down,0,7,2026-03-28T14:22:27Z
2026-03-28 08:01:12,BUF,1.54,18,5,0.4,42,0,0.38,down,0.42,5,2,0.22,21,0,0.33,down,0,7,2026-03-28T12:01:12Z
2026-03-28 06:04:57,BUF,1.25,15,7,0.34,36,0,0.38,up,0.42,5,5,0.2,19,0,0.33,down,0,18,2026-03-28T10:04:57Z
2026-03-27 22:01:47,BUF,1.17,14,3,0.11,11,0,0.38,up,0.92,5,2,0.05,5,0,0.33,down,0,25,2026-03-28T02:01:47Z
2026-03-27 20:12:37,BUF,0.67,8,5,0.06,6,0,0.38,up,0.0,0,0,0.03,3,0,0.33,down,0,25,2026-03-28T00:12:37Z
2026-03-27 18:01:16,BUF,0.83,10,1,0.01,1,0,0.38,down,0.0,0,0,0.03,3,0,0.33,down,0,25,2026-03-27T22:01:16Z
2026-03-27 15:51:46,BUF,0.0,0,0,0.0,0,0,0.38,down,0.0,0,0,0.03,3,0,0.33,down,0,25,2026-03-27T19:51:46Z
2026-03-27 14:41:40,BUF,0.0,0,0,0.0,0,0,0.38,down,0.0,0,0,0.03,3,0,0.33,down,0,29,2026-03-27T18:41:40Z
2026-03-27 14:02:12,BUF,0.0,0,0,0.0,0,0,0.38,down,0.0,0,0,0.03,3,0,0.33,down,0,29,2026-03-27T18:02:12Z
2026-03-27 12:13:33,BUF,0.0,0,0,0.0,0,0,0.38,down,1.04,5,5,0.0,0,0,0.33,up,0,29,2026-03-27T16:13:33Z
2026-03-27 10:26:05,BUF,0.0,0,0,0.38,35,0,0.4,down,0.58,7,3,0.28,27,0,0.23,down,0,14,2026-03-27T14:26:05Z
2026-03-27 10:12:04,BUF,0.0,0,0,0.38,35,0,0.4,down,0.58,7,3,0.28,27,0,0.23,down,0,14,2026-03-27T14:12:04Z
2026-03-27 08:09:18,BUF,2.92,35,6,0.38,35,0,0.4,down,0.83,10,4,0.25,24,0,0.23,down,0,7,2026-03-27T12:09:18Z
2026-03-27 06:03:32,BUF,1.19,10,6,0.3,28,0,0.4,up,0.42,5,5,0.2,19,0,0.23,down,0,0,2026-03-27T10:03:32Z
2026-03-26 22:04:35,BUF,0.0,0,0,0.09,8,0,0.4,down,0.42,5,0,0.02,2,0,0.23,down,0,18,2026-03-27T02:04:35Z
2026-03-26 20:07:21,BUF,0.96,12,4,0.08,7,0,0.4,down,0.0,0,0,0.02,2,0,0.23,down,0,14,2026-03-27T00:07:21Z
2026-03-26 18:07:30,BUF,0.42,5,0,0.02,2,0,0.4,up,0.0,0,0,0.01,1,0,0.23,down,0,22,2026-03-26T22:07:30Z
2026-03-26 16:17:19,BUF,0.0,0,0,0.0,0,0,0.4,down,0.0,0,0,0.01,1,0,0.23,down,0,18,2026-03-26T20:17:19Z
2026-03-26 14:02:20,BUF,0.0,0,0,0.0,0,0,0.4,down,0.0,0,0,0.01,1,0,0.23,down,0,18,2026-03-26T18:02:20Z
2026-03-26 12:21:45,BUF,0.0,0,0,0.0,0,0,0.4,down,0.42,5,5,0.0,0,0,0.23,down,0,7,2026-03-26T16:21:45Z
2026-03-26 10:04:07,BUF,0.0,0,0,0.38,33,0,0.43,down,0.42,5,3,0.17,15,0,0.2,down,0,11,2026-03-26T14:04:07Z
2026-03-26 08:16:55,BUF,1.17,14,3,0.38,33,0,0.43,down,0.92,11,4,0.14,12,0,0.2,up,0,14,2026-03-26T12:16:55Z
2026-03-26 06:18:48,BUF,1.33,16,6,0.35,29,0,0.43,down,0.83,5,2,0.08,7,0,0.2,down,0,11,2026-03-26T10:18:48Z
2026-03-25 22:01:18,BUF,0.0,0,0,0.13,10,0,0.43,down,0.42,5,0,0.03,2,0,0.2,down,0,11,2026-03-26T02:01:18Z
2026-03-25 20:04:40,BUF,1.3,11,4,0.13,10,0,0.43,down,0.0,0,0,0.03,2,0,0.2,down,0,11,2026-03-26T00:04:40Z
2026-03-25 18:17:13,BUF,0.0,0,0,0.05,4,0,0.43,up,0.0,0,0,0.03,2,0,0.2,down,0,11,2026-03-25T22:17:13Z
2026-03-25 16:55:31,BUF,0.0,0,0,0.0,0,0,0.43,down,0.0,0,0,0.01,1,0,0.2,down,0,11,2026-03-25T20:55:31Z
2026-03-25 14:20:28,BUF,0.0,0,0,0.0,0,0,0.43,down,0.0,0,0,0.01,1,0,0.2,down,0,7,2026-03-25T18:20:28Z
2026-03-25 12:01:43,BUF,0.0,0,0,0.0,0,0,0.43,down,0.73,5,4,0.0,0,0,0.2,up,0,11,2026-03-25T16:01:43Z
2026-03-25 10:07:32,BUF,0.0,0,0,0.43,36,0,0.61,down,0.42,5,0,0.15,13,0,0.28,down,0,14,2026-03-25T14:07:32Z
2026-03-25 07:57:30,BUF,0.21,2,0,0.43,36,0,0.61,down,0.42,5,0,0.15,13,0,0.28,down,0,14,2026-03-25T11:57:30Z
2026-03-25 06:20:14,BUF,1.67,20,6,0.44,36,0,0.61,down,0.92,5,1,0.14,12,0,0.28,down,0,18,2026-03-25T10:20:14Z
2026-03-24 21:56:03,BUF,0.71,8,1,0.21,16,0,0.61,down,0.42,5,2,0.06,5,0,0.28,down,0,14,2026-03-25T01:56:03Z
2026-03-24 19:55:57,BUF,1.67,20,8,0.2,15,0,0.61,down,0.0,0,0,0.04,3,0,0.28,down,0,7,2026-03-24T23:55:57Z
2026-03-24 18:35:51,BUF,1.42,17,9,0.13,10,0,0.61,down,0.0,0,0,0.04,3,0,0.28,down,0,7,2026-03-24T22:35:51Z
2026-03-24 16:11:04,BUF,0.0,0,0,0.0,0,0,0.61,down,0.0,0,0,0.03,2,0,0.28,down,0,7,2026-03-24T20:11:04Z
2026-03-24 14:00:40,BUF,0.0,0,0,0.0,0,0,0.61,down,0.0,0,0,0.03,2,0,0.28,down,0,7,2026-03-24T18:00:40Z
2026-03-24 12:20:11,BUF,0.0,0,0,0.0,0,0,0.61,down,1.13,5,1,0.0,0,0,0.28,down,0,11,2026-03-24T16:20:11Z
2026-03-24 10:38:36,BUF,0.0,0,0,0.6,54,0,0.41,down,1.13,5,1,0.27,24,0,0.35,up,0,22,2026-03-24T14:38:36Z
2026-03-24 08:19:53,BUF,2.54,30,6,0.58,52,0,0.41,up,1.08,13,4,0.23,21,0,0.35,down,0,22,2026-03-24T12:19:53Z
2026-03-24 06:24:10,BUF,3.25,39,6,0.49,44,0,0.41,up,2.04,24,7,0.19,17,0,0.35,down,0,25,2026-03-24T10:24:10Z
2026-03-23 22:00:35,BUF,2.17,26,3,0.2,17,0,0.41,down,3.76,38,5,0.07,6,0,0.35,down,0,14,2026-03-24T02:00:35Z
2026-03-23 20:14:38,BUF,1.08,13,6,0.17,14,0,0.41,down,0.0,0,0,0.0,0,0,0.35,down,0,18,2026-03-24T00:14:38Z
2026-03-23 20:05:36,BUF,1.08,13,6,0.17,14,0,0.41,down,0.0,0,0,0.0,0,0,0.35,down,0,18,2026-03-24T00:05:36Z
2026-03-23 17:57:21,BUF,1.33,16,3,0.05,4,0,0.41,down,0.0,0,0,0.0,0,0,0.35,down,0,18,2026-03-23T21:57:21Z
2026-03-23 15:59:32,BUF,0.0,0,0,0.0,0,0,0.41,down,0.0,0,0,0.0,0,0,0.35,down,0,22,2026-03-23T19:59:32Z
2026-03-23 14:29:38,BUF,0.0,0,0,0.0,0,0,0.41,down,0.0,0,0,0.0,0,0,0.35,down,0,22,2026-03-23T18:29:38Z
2026-03-23 14:18:36,BUF,0.0,0,0,0.0,0,0,0.41,down,0.0,0,0,0.0,0,0,0.35,down,0,22,2026-03-23T18:18:36Z
2026-03-23 12:01:29,BUF,0.0,0,0,0.0,0,0,0.41,down,0.5,6,6,0.0,0,0,0.35,down,0,25,2026-03-23T16:01:29Z
2026-03-23 10:12:33,BUF,0.0,0,0,0.41,36,0,0.42,down,0.71,8,2,0.26,22,0,0.32,down,0,29,2026-03-23T14:12:33Z
2026-03-23 08:01:14,BUF,1.25,15,4,0.4,35,0,0.42,up,0.42,5,3,0.24,20,0,0.32,down,0,11,2026-03-23T12:01:14Z
2026-03-23 06:16:56,BUF,1.67,20,6,0.33,29,0,0.42,down,0.42,5,4,0.2,17,0,0.32,down,0,11,2026-03-23T10:16:56Z
2026-03-22 22:09:06,BUF,0.5,6,2,0.06,5,0,0.42,down,0.42,5,2,0.03,2,0,0.32,down,0,11,2026-03-23T02:09:06Z
2026-03-22 20:01:57,BUF,0.67,8,0,0.01,1,0,0.42,down,0.0,0,0,0.0,0,0,0.32,down,0,7,2026-03-23T00:01:57Z
2026-03-22 18:17:53,BUF,0.0,0,0,0.0,0,0,0.42,down,0.0,0,0,0.0,0,0,0.32,down,0,11,2026-03-22T22:17:53Z
2026-03-22 15:57:23,BUF,0.0,0,0,0.0,0,0,0.42,down,0.0,0,0,0.0,0,0,0.32,down,0,11,2026-03-22T19:57:23Z
2026-03-22 13:58:32,BUF,0.0,0,0,0.0,0,0,0.42,down,0.0,0,0,0.0,0,0,0.32,down,0,7,2026-03-22T17:58:32Z
2026-03-22 10:00:20,BUF,0.42,5,2,0.42,39,0,0.39,down,0.42,5,2,0.24,22,0,0.33,down,0,14,2026-03-22T14:00:20Z
2026-03-22 08:07:33,BUF,0.5,6,1,0.4,37,0,0.39,down,0.17,2,2,0.22,20,0,0.33,down,0,14,2026-03-22T12:07:33Z
2026-03-21 21:55:18,BUF,0.0,0,0,0.14,12,0,0.39,down,0.0,0,0,0.02,2,0,0.33,down,0,7,2026-03-22T01:55:18Z
2026-03-21 20:04:55,BUF,0.92,11,5,0.1,8,0,0.39,down,0.0,0,0,0.02,2,0,0.33,down,0,0,2026-03-22T00:04:55Z
2026-03-21 18:21:34,BUF,1.0,12,6,0.09,7,0,0.39,down,0.0,0,0,0.02,2,0,0.33,down,0,7,2026-03-21T22:21:34Z
2026-03-21 14:01:29,BUF,0.0,0,0,0.01,1,0,0.39,down,4.0,48,4,0.03,2,0,0.33,down,0,11,2026-03-21T18:01:29Z
2026-03-21 12:00:51,BUF,0.0,0,0,0.39,37,0,0.39,down,0.42,5,3,0.28,28,0,0.26,down,0,11,2026-03-21T16:00:51Z
2026-03-20 22:10:14,BUF,0.58,7,0,0.18,16,0,0.39,up,0.42,5,1,0.05,4,0,0.26,down,0,18,2026-03-21T02:10:14Z
2026-03-20 19:58:29,BUF,1.75,21,6,0.17,15,0,0.39,down,0.0,0,0,0.04,3,0,0.26,down,0,14,2026-03-20T23:58:29Z
2026-03-20 18:18:55,BUF,1.21,14,7,0.08,7,0,0.39,down,0.0,0,0,0.04,3,0,0.26,down,0,11,2026-03-20T22:18:55Z
2026-03-19 22:10:06,BUF,1.58,19,3,0.09,9,0,0.43,down,0.42,5,0,0.03,3,0,0.3,down,0,25,2026-03-20T02:10:06Z
2026-03-19 19:58:22,BUF,0.75,9,2,0.07,6,0,0.43,up,0.0,0,0,0.02,2,0,0.3,down,0,22,2026-03-19T23:58:22Z
2026-03-19 18:01:45,BUF,0.75,9,2,0.02,2,0,0.43,down,0.0,0,0,0.02,2,0,0.3,down,0,14,2026-03-19T22:01:45Z
2026-03-18 22:21:18,BUF,0.83,10,4,0.23,19,0,0.8,up,0.42,5,2,0.05,4,0,0.47,down,0,14,2026-03-19T02:21:18Z
2026-03-18 22:09:08,BUF,0.75,9,1,0.19,15,0,0.8,down,0.0,0,0,0.02,2,0,0.47,up,0,14,2026-03-19T02:09:08Z
2026-03-18 20:07:49,BUF,1.92,23,11,0.18,14,0,0.8,down,0.0,0,0,0.03,2,0,0.47,down,0,11,2026-03-19T00:07:49Z
2026-03-18 18:06:43,BUF,1.5,18,8,0.12,9,0,0.8,down,0.0,0,0,0.03,2,0,0.47,down,0,11,2026-03-18T22:06:43Z
2026-03-17 22:03:14,BUF,1.58,9,2,0.35,28,0,0.43,up,0.42,5,2,0.06,5,0,0.43,down,0,40,2026-03-18T02:03:14Z
2026-03-17 20:42:43,BUF,1.92,23,8,0.28,22,0,0.43,down,0.0,0,0,0.04,3,0,0.43,down,0,36,2026-03-18T00:42:43Z
2026-03-17 13:40:33,BUF,0.0,0,0,0.0,0,0,0.43,down,3.92,27,2,0.03,2,0,0.43,down,0,36,2026-03-17T17:40:33Z
2026-03-17 10:53:32,BUF,0.0,0,0,0.43,37,0,0.38,down,5.0,73,5,0.41,38,0,0.28,down,0,47,2026-03-17T14:53:32Z
