Time_recorded,METAR,is_cavok,wind_speed,is_gust,visibility_meters,has_thunderstorm,has_heavy_rain,has_low_vis_fog,other_phenomenon
2026-03-31 12:54:00,METAR KINT 311254Z AUTO VRB06KT 10SM SCT075 16/11 A3031 RMK AO2 SLP259 T01560111,0,6.0,0,16090.0,0,0,0,
2026-03-31 11:54:00,METAR KINT 311154Z AUTO 21004KT 10SM FEW065 14/11 A3031 RMK AO2 SLP258 T01440111 10161 20139 53018,0,4.0,0,16090.0,0,0,0,
2026-03-31 10:54:00,METAR KINT 311054Z AUTO 20005KT 10SM CLR 14/11 A3029 RMK AO2 SLP252 T01390111,0,5.0,0,16090.0,0,0,0,
2026-03-31 09:54:00,METAR KINT 310954Z AUTO 19004KT 10SM CLR 14/11 A3027 RMK AO2 SLP242 T01390111,0,4.0,0,16090.0,0,0,0,
2026-03-31 08:54:00,METAR KINT 310854Z AUTO 19005KT 10SM CLR 14/11 A3025 RMK AO2 SLP238 T01440106 56009,0,5.0,0,16090.0,0,0,0,
2026-03-31 07:54:00,METAR KINT 310754Z AUTO 19007KT 10SM CLR 15/11 A3026 RMK AO2 SLP240 T01500106,0,7.0,0,16090.0,0,0,0,
2026-03-31 06:54:00,METAR KINT 310654Z AUTO 19006KT 10SM CLR 16/11 A3026 RMK AO2 SLP241 T01560106,0,6.0,0,16090.0,0,0,0,
2026-03-31 05:54:00,METAR KINT 310554Z AUTO 18005KT 10SM CLR 16/09 A3028 RMK AO2 SLP248 T01610094 10194 20150 56006,0,5.0,0,16090.0,0,0,0,
2026-03-31 04:54:00,METAR KINT 310454Z AUTO 17003KT 10SM CLR 16/09 A3028 RMK AO2 SLP249 T01610094 402220106,0,3.0,0,16090.0,0,0,0,
2026-03-31 03:54:00,METAR KINT 310354Z AUTO 18005KT 10SM OVC060 18/09 A3030 RMK AO2 SLP253 T01780094,0,5.0,0,16090.0,0,0,0,
2026-03-31 02:54:00,METAR KINT 310254Z AUTO 18004KT 10SM OVC060 17/09 A3030 RMK AO2 SLP256 T01720089 51009,0,4.0,0,16090.0,0,0,0,
2026-03-31 01:54:00,METAR KINT 310154Z AUTO 00000KT 10SM CLR 17/09 A3030 RMK AO2 SLP254 T01720089,0,0.0,0,16090.0,0,0,0,
2026-03-31 00:54:00,METAR KINT 310054Z AUTO 19004KT 10SM CLR 18/09 A3028 RMK AO2 SLP250 T01830089,0,4.0,0,16090.0,0,0,0,
2026-03-30 23:54:00,METAR KINT 302354Z AUTO 19005KT 10SM CLR 19/08 A3028 RMK AO2 SLP248 T01940083 10222 20194 55004,0,5.0,0,16090.0,0,0,0,
2026-03-30 22:54:00,METAR KINT 302254Z AUTO 20006G21KT 10SM SCT050 21/08 A3027 RMK AO2 SLP246 T02060083,0,6.0,1,16090.0,0,0,0,
2026-03-30 21:54:00,METAR KINT 302154Z AUTO 19008G15KT 10SM OVC055 21/08 A3028 RMK AO2 SLP248 T02110083,0,8.0,1,16090.0,0,0,0,
2026-03-30 20:54:00,METAR KINT 302054Z AUTO 19009G17KT 10SM OVC055 21/08 A3029 RMK AO2 SLP251 T02110083 56022,0,9.0,1,16090.0,0,0,0,
2026-03-30 19:54:00,METAR KINT 301954Z AUTO 22010G17KT 10SM BKN050 22/09 A3031 RMK AO2 SLP257 T02170089,0,10.0,1,16090.0,0,0,0,
2026-03-30 18:54:00,METAR KINT 301854Z AUTO 19009G19KT 10SM FEW048 SCT060 22/09 A3033 RMK AO2 SLP264 T02170089,0,9.0,1,16090.0,0,0,0,
2026-03-30 17:54:00,METAR KINT 301754Z AUTO 22008KT 10SM FEW060 BKN110 21/09 A3036 RMK AO2 SLP274 T02060089 10211 20111 58018,0,8.0,0,16090.0,0,0,0,
2026-03-30 16:54:00,METAR KINT 301654Z AUTO 22009G16KT 160V260 10SM FEW037 20/09 A3038 RMK AO2 SLP282 T02000089,0,9.0,1,16090.0,0,0,0,
2026-03-30 15:54:00,METAR KINT 301554Z AUTO 23007KT 10SM BKN035 OVC055 18/09 A3041 RMK AO2 SLP293 T01780094,0,7.0,0,16090.0,0,0,0,
2026-03-30 14:54:00,METAR KINT 301454Z AUTO 24008G18KT 200V280 10SM CLR 17/09 A3041 RMK AO2 SLP294 T01670089 51006,0,8.0,1,16090.0,0,0,0,
2026-03-30 13:54:00,METAR KINT 301354Z AUTO 22009G16KT 10SM FEW110 15/09 A3041 RMK AO2 SLP293 T01500089,0,9.0,1,16090.0,0,0,0,
2026-03-30 12:54:00,METAR KINT 301254Z AUTO 22007G15KT 10SM CLR 13/08 A3040 RMK AO2 SLP291 T01280083,0,7.0,1,16090.0,0,0,0,
2026-03-30 11:54:00,METAR KINT 301154Z AUTO 21004KT 10SM CLR 11/08 A3039 RMK AO2 SLP288 T01110078 10122 20106 53006,0,4.0,0,16090.0,0,0,0,
2026-03-30 10:54:00,METAR KINT 301054Z AUTO 23005KT 10SM CLR 11/07 A3038 RMK AO2 SLP285 T01110072,0,5.0,0,16090.0,0,0,0,
2026-03-30 09:54:00,METAR KINT 300954Z AUTO 20007KT 10SM BKN039 11/07 A3038 RMK AO2 SLP283 T01110072,0,7.0,0,16090.0,0,0,0,
2026-03-30 08:54:00,METAR KINT 300854Z AUTO 21006KT 10SM BKN043 12/07 A3037 RMK AO2 SLP282 T01170072 55010,0,6.0,0,16090.0,0,0,0,
2026-03-30 07:54:00,METAR KINT 300754Z AUTO VRB06KT 10SM CLR 12/07 A3037 RMK AO2 SLP281 T01170072,0,6.0,0,16090.0,0,0,0,
2026-03-30 06:54:00,METAR KINT 300654Z AUTO 19006KT 10SM CLR 12/07 A3039 RMK AO2 SLP287 T01170067,0,6.0,0,16090.0,0,0,0,
2026-03-30 05:54:00,METAR KINT 300554Z AUTO 19006KT 10SM CLR 12/06 A3041 RMK AO2 SLP293 T01220056 10150 20117 58006,0,6.0,0,16090.0,0,0,0,
2026-03-30 04:54:00,METAR KINT 300454Z AUTO 19009KT 10SM FEW055 12/03 A3042 RMK AO2 SLP298 T01220033 401721006,0,9.0,0,16090.0,0,0,0,
2026-03-30 03:54:00,METAR KINT 300354Z AUTO 19004KT 10SM CLR 13/03 A3042 RMK AO2 SLP299 T01280028,0,4.0,0,16090.0,0,0,0,
2026-03-30 02:54:00,METAR KINT 300254Z AUTO 17004KT 10SM CLR 13/02 A3042 RMK AO2 SLP301 T01280017 53003,0,4.0,0,16090.0,0,0,0,
2026-03-30 01:54:00,METAR KINT 300154Z AUTO 20004KT 10SM CLR 13/01 A3042 RMK AO2 SLP299 T01330006,0,4.0,0,16090.0,0,0,0,
2026-03-30 00:54:00,METAR KINT 300054Z AUTO 00000KT 10SM CLR 14/00 A3042 RMK AO2 SLP299 T01390000,0,0.0,0,16090.0,0,0,0,
2026-03-29 23:54:00,METAR KINT 292354Z AUTO 18005KT 10SM CLR 15/M01 A3042 RMK AO2 SLP300 T01501006 10172 20133 56012,0,5.0,0,16090.0,0,0,0,
2026-03-29 22:54:00,METAR KINT 292254Z AUTO 19009G16KT 160V220 10SM CLR 16/M02 A3043 RMK AO2 SLP303 T01611017,0,9.0,1,16090.0,0,0,0,
2026-03-29 21:54:00,METAR KINT 292154Z AUTO 17009G17KT 10SM CLR 16/M04 A3043 RMK AO2 SLP307 T01611039,0,9.0,1,16090.0,0,0,0,
2026-03-29 20:54:00,METAR KINT 292054Z AUTO 19010G16KT 10SM CLR 17/M07 A3045 RMK AO2 SLP311 T01671067 56034,0,10.0,1,16090.0,0,0,0,
2026-03-29 19:54:00,METAR KINT 291954Z AUTO 21010G18KT 160V240 10SM CLR 16/M12 A3048 RMK AO2 SLP321 T01611117,0,10.0,1,16090.0,0,0,0,
2026-03-29 18:54:00,METAR KINT 291854Z AUTO 17008KT 10SM CLR 16/M11 A3051 RMK AO2 SLP332 T01561106,0,8.0,0,16090.0,0,0,0,
2026-03-29 17:54:00,METAR KINT 291754Z AUTO 22008KT 10SM CLR 14/M07 A3055 RMK AO2 SLP346 T01391067 10144 20000 58028,0,8.0,0,16090.0,0,0,0,
2026-03-29 16:54:00,METAR KINT 291654Z AUTO 24009G14KT 10SM CLR 12/M06 A3060 RMK AO2 SLP363 T01221061,0,9.0,1,16090.0,0,0,0,
2026-03-29 15:54:00,METAR KINT 291554Z AUTO VRB06KT 10SM CLR 11/M04 A3062 RMK AO2 SLP371 T01111039,0,6.0,0,16090.0,0,0,0,
2026-03-29 14:54:00,METAR KINT 291454Z AUTO 19004KT 10SM CLR 09/M04 A3064 RMK AO2 SLP376 T00891044 51010,0,4.0,0,16090.0,0,0,0,
2026-03-29 13:54:00,METAR KINT 291354Z AUTO 19008KT 10SM CLR 07/M05 A3063 RMK AO2 SLP372 T00721050,0,8.0,0,16090.0,0,0,0,
2026-03-29 12:54:00,METAR KINT 291254Z AUTO 16004KT 10SM CLR 06/M02 A3062 RMK AO2 SLP370 T00561022,0,4.0,0,16090.0,0,0,0,
2026-03-29 11:54:00,METAR KINT 291154Z AUTO 00000KT 10SM CLR 00/M03 A3061 RMK AO2 SLP367 T00001033 10056 21006 53018,0,0.0,0,16090.0,0,0,0,
2026-03-29 10:54:00,METAR KINT 291054Z AUTO 00000KT 10SM CLR M01/M03 A3058 RMK AO2 SLP359 T10061033,0,0.0,0,16090.0,0,0,0,
2026-03-29 09:54:00,METAR KINT 290954Z AUTO 00000KT 10SM CLR 02/M04 A3057 RMK AO2 SLP354 T00171044,0,0.0,0,16090.0,0,0,0,
2026-03-29 08:54:00,METAR KINT 290854Z AUTO 00000KT 10SM CLR 02/M04 A3055 RMK AO2 SLP346 T00221044 53003,0,0.0,0,16090.0,0,0,0,
2026-03-29 07:54:00,METAR KINT 290754Z AUTO 00000KT 10SM CLR 02/M04 A3053 RMK AO2 SLP340 T00171044,0,0.0,0,16090.0,0,0,0,
2026-03-29 06:54:00,METAR KINT 290654Z AUTO 00000KT 10SM CLR 02/M04 A3054 RMK AO2 SLP342 T00221044,0,0.0,0,16090.0,0,0,0,
2026-03-29 05:54:00,METAR KINT 290554Z AUTO 00000KT 10SM CLR 06/M06 A3054 RMK AO2 SLP344 T00561056 10106 20039 51009,0,0.0,0,16090.0,0,0,0,
2026-03-29 04:54:00,METAR KINT 290454Z AUTO 00000KT 10SM CLR 04/M06 A3053 RMK AO2 SLP341 T00441061 401440039,0,0.0,0,16090.0,0,0,0,
2026-03-29 03:54:00,METAR KINT 290354Z AUTO 00000KT 10SM CLR 06/M07 A3053 RMK AO2 SLP340 T00611067,0,0.0,0,16090.0,0,0,0,
2026-03-29 02:54:00,METAR KINT 290254Z AUTO 00000KT 10SM CLR 07/M06 A3052 RMK AO2 SLP336 T00671061 51013,0,0.0,0,16090.0,0,0,0,
2026-03-29 01:54:00,METAR KINT 290154Z AUTO 00000KT 10SM CLR 08/M07 A3051 RMK AO2 SLP333 T00781067,0,0.0,0,16090.0,0,0,0,
2026-03-29 00:54:00,METAR KINT 290054Z AUTO 09004KT 10SM CLR 09/M08 A3049 RMK AO2 SLP327 T00941083,0,4.0,0,16090.0,0,0,0,
2026-03-28 23:54:00,METAR KINT 282354Z AUTO 11004KT 10SM CLR 11/M08 A3048 RMK AO2 SLP322 T01061083 10144 20106 53012,0,4.0,0,16090.0,0,0,0,
2026-03-28 22:54:00,METAR KINT 282254Z AUTO 11004KT 10SM CLR 13/M09 A3045 RMK AO2 SLP313 T01281089,0,4.0,0,16090.0,0,0,0,
2026-03-28 21:54:00,METAR KINT 282154Z AUTO 03008KT 10SM CLR 14/M10 A3044 RMK AO2 SLP309 T01391100,0,8.0,0,16090.0,0,0,0,
2026-03-28 20:54:00,METAR KINT 282054Z AUTO 07005KT 10SM CLR 14/M09 A3044 RMK AO2 SLP308 T01391094 56013,0,5.0,0,16090.0,0,0,0,
2026-03-28 19:54:00,METAR KINT 281954Z AUTO 03008KT 350V070 10SM CLR 14/M09 A3045 RMK AO2 SLP310 T01391089,0,8.0,0,16090.0,0,0,0,
2026-03-28 18:54:00,METAR KINT 281854Z AUTO 02013G20KT 10SM CLR 13/M10 A3046 RMK AO2 SLP314 T01331100,0,13.0,1,16090.0,0,0,0,
2026-03-28 17:54:00,METAR KINT 281754Z AUTO 02011G17KT 10SM CLR 12/M08 A3048 RMK AO2 SLP320 T01171078 10117 20039 56017,0,11.0,1,16090.0,0,0,0,
2026-03-28 16:54:00,METAR KINT 281654Z AUTO 01010G18KT 10SM CLR 11/M08 A3049 RMK AO2 SLP325 T01061078,0,10.0,1,16090.0,0,0,0,
2026-03-28 15:54:00,METAR KINT 281554Z AUTO 02009KT 10SM CLR 09/M06 A3051 RMK AO2 SLP329 T00891056,0,9.0,0,16090.0,0,0,0,
2026-03-28 14:54:00,METAR KINT 281454Z AUTO 35009KT 10SM CLR 07/M05 A3053 RMK AO2 SLP337 T00721050 51025,0,9.0,0,16090.0,0,0,0,
2026-03-28 13:54:00,METAR KINT 281354Z AUTO 01009KT 10SM CLR 06/M06 A3051 RMK AO2 SLP330 T00561056,0,9.0,0,16090.0,0,0,0,
2026-03-28 12:54:00,METAR KINT 281254Z AUTO 36013G19KT 10SM CLR 04/M06 A3049 RMK AO2 SLP322 T00441056,0,13.0,1,16090.0,0,0,0,
2026-03-28 11:54:00,METAR KINT 281154Z AUTO 02010KT 10SM CLR 04/M06 A3046 RMK AO2 SLP310 70026 T00391056 10100 20039 53046,0,10.0,0,16090.0,0,0,0,
2026-03-28 10:54:00,METAR KINT 281054Z AUTO 36011KT 10SM SCT039 04/M03 A3039 RMK AO2 SLP288 T00441028,0,11.0,0,16090.0,0,0,0,
2026-03-28 09:54:00,METAR KINT 280954Z AUTO 34007KT 10SM CLR 04/M02 A3035 RMK AO2 SLP273 T00391017,0,7.0,0,16090.0,0,0,0,
2026-03-28 08:54:00,METAR KINT 280854Z AUTO 01005KT 10SM CLR 04/M02 A3031 RMK AO2 SLP260 T00441017 51030,0,5.0,0,16090.0,0,0,0,
2026-03-28 07:54:00,METAR KINT 280754Z AUTO 01010KT 10SM CLR 06/M01 A3028 RMK AO2 SLP250 T00611006,0,10.0,0,16090.0,0,0,0,
2026-03-28 06:54:00,METAR KINT 280654Z AUTO 36013G21KT 10SM CLR 08/02 A3026 RMK AO2 SLP241 T00830017,0,13.0,1,16090.0,0,0,0,
2026-03-28 05:54:00,METAR KINT 280554Z AUTO 33015KT 10SM CLR 10/03 A3022 RMK AO2 SLP227 60026 T01000028 10172 20100 51030,0,15.0,0,16090.0,0,0,0,
2026-03-28 04:54:00,METAR KINT 280454Z AUTO 01007KT 10SM FEW100 11/08 A3019 RMK AO2 SLP217 T01110078 402830111,0,7.0,0,16090.0,0,0,0,
2026-03-28 03:54:00,METAR KINT 280354Z AUTO 02009KT 10SM FEW065 OVC090 13/11 A3017 RMK AO2 SLP208 T01280106,0,9.0,0,16090.0,0,0,0,
2026-03-28 02:54:00,METAR KINT 280254Z AUTO 03009KT 10SM BKN075 BKN090 OVC110 13/10 A3013 RMK AO2 LTG DSNT S RAE05B17E30 SLP196 P0000 60026 T01330100 51042,0,9.0,0,16090.0,0,0,0,"DS,RA"
2026-03-28 02:10:00,SPECI KINT 280210Z AUTO 02011G17KT 10SM FEW013 SCT020 OVC070 14/12 A3010 RMK AO2 RAE05 P0000 T01440117,0,11.0,1,16090.0,0,0,0,
2026-03-28 01:54:00,METAR KINT 280154Z AUTO 02009KT 10SM -RA SCT011 BKN020 OVC110 15/13 A3010 RMK AO2 SLP186 P0010 T01500128,0,9.0,0,16090.0,0,0,0,-RA
2026-03-28 01:40:00,SPECI KINT 280140Z AUTO 04011G20KT 10SM -RA SCT009 BKN060 OVC110 15/14 A3010 RMK AO2 P0009 T01500139,0,11.0,1,16090.0,0,0,0,-RA
2026-03-28 00:54:00,METAR KINT 280054Z AUTO 35009G17KT 6SM RA BKN075 OVC085 17/14 A3007 RMK AO2 LTG DSNT E RAB2357 SLP176 P0016 T01720144,0,9.0,1,9654.0,0,0,0,"DS,RA"
2026-03-27 23:54:00,METAR KINT 272354Z AUTO 33011G22KT 10SM OVC060 22/14 A3001 RMK AO2 PK WND 34027/2340 LTG DSNT S SLP153 T02220139 10283 20222 53029,0,11.0,1,16090.0,0,0,0,DS
2026-03-27 22:54:00,METAR KINT 272254Z AUTO 34010G18KT 10SM BKN065 BKN085 OVC110 24/13 A2996 RMK AO2 SLP137 T02390133,0,10.0,1,16090.0,0,0,0,
2026-03-27 21:54:00,METAR KINT 272154Z AUTO 34013KT 10SM FEW075 BKN110 26/13 A2993 RMK AO2 SLP125 T02610133,0,13.0,0,16090.0,0,0,0,
2026-03-27 20:54:00,METAR KINT 272054Z AUTO 36007KT 10SM BKN065 OVC085 27/13 A2992 RMK AO2 SLP121 T02720133 55013,0,7.0,0,16090.0,0,0,0,
2026-03-27 19:54:00,METAR KINT 271954Z AUTO VRB06KT 10SM OVC070 28/13 A2992 RMK AO2 SLP119 T02830128,0,6.0,0,16090.0,0,0,0,
2026-03-27 18:54:00,METAR KINT 271854Z AUTO 29008G19KT 10SM FEW060 28/13 A2993 RMK AO2 SLP125 T02830128,0,8.0,1,16090.0,0,0,0,
2026-03-27 17:54:00,METAR KINT 271754Z AUTO 31010G17KT 10SM BKN060 27/12 A2996 RMK AO2 SLP133 T02720122 10283 20178 58012,0,10.0,1,16090.0,0,0,0,
2026-03-27 16:54:00,METAR KINT 271654Z AUTO 27008G16KT 10SM CLR 26/13 A2998 RMK AO2 SLP140 T02610128,0,8.0,1,16090.0,0,0,0,
2026-03-25 14:54:00,METAR KINT 251454Z AUTO VRB03KT 10SM CLR 11/M02 A3037 RMK AO2 SLP286 T01061017 51004,0,3.0,0,16090.0,0,0,0,
2026-03-25 13:54:00,METAR KINT 251354Z AUTO 00000KT 10SM CLR 08/M02 A3037 RMK AO2 SLP286 T00831022,0,0.0,0,16090.0,0,0,0,
2026-03-25 12:54:00,METAR KINT 251254Z AUTO 23004KT 10SM CLR 06/M02 A3037 RMK AO2 SLP286 T00611022,0,4.0,0,16090.0,0,0,0,
2026-03-25 11:54:00,METAR KINT 251154Z AUTO 00000KT 10SM CLR 02/M02 A3036 RMK AO2 SLP285 7//// T00221022 10044 20011 53012,0,0.0,0,16090.0,0,0,0,
2026-03-25 10:54:00,METAR KINT 251054Z AUTO 00000KT 10SM CLR 02/M03 A3035 RMK AO2 SLP279 T00221028,0,0.0,0,16090.0,0,0,0,
2026-03-25 09:54:00,METAR KINT 250954Z AUTO 00000KT 10SM CLR 04/M03 A3033 RMK AO2 SLP271 T00391033,0,0.0,0,16090.0,0,0,0,
2026-03-25 08:54:00,METAR KINT 250854Z AUTO 00000KT 10SM CLR 04/M03 A3033 RMK AO2 SLP270 T00391033 56010,0,0.0,0,16090.0,0,0,0,
2026-03-25 07:54:00,METAR KINT 250754Z AUTO 00000KT 10SM CLR 03/M03 A3033 RMK AO2 SLP273 T00331033,0,0.0,0,16090.0,0,0,0,
2026-03-25 06:54:00,METAR KINT 250654Z AUTO 00000KT 10SM CLR 04/M03 A3035 RMK AO2 SLP279 T00441033,0,0.0,0,16090.0,0,0,0,
2026-03-25 03:54:00,METAR KINT 250354Z AUTO 00000KT 10SM CLR 07/M05 A3036 RMK AO2 SLP281 T00671050,0,0.0,0,16090.0,0,0,0,
2026-03-25 02:54:00,METAR KINT 250254Z AUTO 00000KT 10SM CLR 06/M06 A3037 RMK AO2 SLP286 T00611056 50007,0,0.0,0,16090.0,0,0,0,
2026-03-25 01:54:00,METAR KINT 250154Z AUTO 00000KT 10SM CLR 07/M06 A3037 RMK AO2 SLP287 T00721061,0,0.0,0,16090.0,0,0,0,
2026-03-25 00:54:00,METAR KINT 250054Z AUTO 00000KT 10SM CLR 07/M05 A3037 RMK AO2 SLP285 T00671050,0,0.0,0,16090.0,0,0,0,
2026-03-24 23:54:00,METAR KINT 242354Z AUTO 00000KT 10SM CLR 09/M08 A3035 RMK AO2 SLP279 T00941083 10122 20083 53007,0,0.0,0,16090.0,0,0,0,
2026-03-24 22:54:00,METAR KINT 242254Z AUTO 09003KT 10SM CLR 11/M08 A3033 RMK AO2 SLP273 T01061078,0,3.0,0,16090.0,0,0,0,
2026-03-24 21:54:00,METAR KINT 242154Z AUTO 07008KT 10SM CLR 12/M08 A3032 RMK AO2 SLP268 T01171083,0,8.0,0,16090.0,0,0,0,
2026-03-24 20:54:00,METAR KINT 242054Z AUTO 08008KT 10SM CLR 12/M08 A3033 RMK AO2 SLP270 T01171078 56022,0,8.0,0,16090.0,0,0,0,
2026-03-24 19:54:00,METAR KINT 241954Z AUTO 07006KT 10SM CLR 11/M08 A3034 RMK AO2 SLP274 T01111078,0,6.0,0,16090.0,0,0,0,
2026-03-24 18:54:00,METAR KINT 241854Z AUTO 11008KT 10SM CLR 10/M06 A3036 RMK AO2 SLP280 T01001061,0,8.0,0,16090.0,0,0,0,
2026-03-24 17:54:00,METAR KINT 241754Z AUTO 10SM CLR 08/M06 A3040 RMK AO2 SLP293 6//// T00831061 10089 20028 58008,0,,0,16090.0,0,0,0,
2026-03-24 16:54:00,METAR KINT 241654Z AUTO 01007KT 10SM CLR 07/M06 A3041 RMK AO2 SLP297 T00721056 PNO $,0,7.0,0,16090.0,0,0,0,
2026-03-24 15:54:00,METAR KINT 241554Z AUTO CLR 07/M06 A3042 RMK AO2 SLP301 T00721056 $,0,,0,,0,0,0,
2026-03-24 14:54:00,METAR KINT 241454Z AUTO 06008G16KT 10SM CLR 07/M06 A3042 RMK AO2 SLP301 T00671056 52014,0,8.0,1,16090.0,0,0,0,
2026-03-24 13:54:00,METAR KINT 241354Z AUTO 03011G15KT 10SM CLR 06/M05 A3040 RMK AO2 SLP296 T00561050,0,11.0,1,16090.0,0,0,0,
2026-03-24 12:54:00,METAR KINT 241254Z AUTO 03010KT 10SM CLR 04/M06 A3039 RMK AO2 SLP292 T00441056,0,10.0,0,16090.0,0,0,0,
2026-03-24 11:54:00,METAR KINT 241154Z AUTO 36006KT 10SM CLR 03/M06 A3038 RMK AO2 SLP287 T00281056 10072 20022 53025,0,6.0,0,16090.0,0,0,0,
2026-03-24 10:54:00,METAR KINT 241054Z AUTO 01006KT 10SM CLR 03/M06 A3034 RMK AO2 SLP276 T00281056,0,6.0,0,16090.0,0,0,0,
2026-03-24 09:54:00,METAR KINT 240954Z AUTO 36009KT 10SM CLR 04/M05 A3032 RMK AO2 SLP266 T00441050,0,9.0,0,16090.0,0,0,0,
2026-03-24 08:54:00,METAR KINT 240854Z AUTO 35011KT 10SM CLR 05/M04 A3030 RMK AO2 SLP258 T00501044 53011,0,11.0,0,16090.0,0,0,0,
2026-03-24 07:54:00,METAR KINT 240754Z AUTO 01008KT 10SM CLR 06/M04 A3029 RMK AO2 SLP253 T00611044,0,8.0,0,16090.0,0,0,0,
2026-03-24 06:54:00,METAR KINT 240654Z AUTO 01011KT 10SM CLR 07/M04 A3028 RMK AO2 SLP248 T00671039,0,11.0,0,16090.0,0,0,0,
2026-03-24 05:54:00,METAR KINT 240554Z AUTO 03009KT 10SM CLR 07/M04 A3027 RMK AO2 SLP243 T00721039 10128 20072 53019,0,9.0,0,16090.0,0,0,0,
2026-03-24 04:54:00,METAR KINT 240454Z AUTO 02013G21KT 10SM CLR 08/M05 A3025 RMK AO2 SLP238 T00831050 402500083,0,13.0,1,16090.0,0,0,0,
2026-03-24 03:54:00,METAR KINT 240354Z AUTO 05007KT 10SM CLR 09/M05 A3022 RMK AO2 SLP227 T00941050,0,7.0,0,16090.0,0,0,0,
2026-03-24 02:54:00,METAR KINT 240254Z AUTO 02006G14KT 10SM CLR 10/M06 A3021 RMK AO2 SLP223 T01001061 53021,0,6.0,1,16090.0,0,0,0,
2026-03-24 01:54:00,METAR KINT 240154Z AUTO 01007KT 10SM CLR 11/M03 A3019 RMK AO2 SLP216 T01111028,0,7.0,0,16090.0,0,0,0,
2026-03-24 00:54:00,METAR KINT 240054Z AUTO 32008KT 10SM CLR 12/M02 A3016 RMK AO2 SLP207 T01221022,0,8.0,0,16090.0,0,0,0,
2026-03-23 23:54:00,METAR KINT 232354Z AUTO VRB05G15KT 10SM CLR 13/M03 A3014 RMK AO2 SLP201 T01281028 10250 20128 51047,0,5.0,1,16090.0,0,0,0,
2026-03-23 22:54:00,METAR KINT 232254Z AUTO 31015G28KT 10SM CLR 14/M03 A3011 RMK AO2 PK WND 34030/2214 SLP189 T01391033,0,15.0,1,16090.0,0,0,0,
2026-03-23 21:54:00,METAR KINT 232154Z AUTO 33021G32KT 10SM CLR 16/M03 A3005 RMK AO2 PK WND 32032/2111 SLP170 T01611028,0,21.0,1,16090.0,0,0,0,
2026-03-23 20:54:00,METAR KINT 232054Z AUTO 31018G28KT 10SM CLR 20/03 A3000 RMK AO2 PK WND 35031/2021 SLP149 T02000028 53028,0,18.0,1,16090.0,0,0,0,
2026-03-23 19:54:00,METAR KINT 231954Z AUTO 31016G31KT 10SM CLR 22/06 A2997 RMK AO2 PK WND 34031/1949 SLP138 T02220056,0,16.0,1,16090.0,0,0,0,
2026-03-23 18:54:00,METAR KINT 231854Z AUTO 34015G22KT 10SM CLR 24/07 A2992 RMK AO2 PK WND 33029/1837 SLP123 T02390072,0,15.0,1,16090.0,0,0,0,
2026-03-23 17:54:00,METAR KINT 231754Z AUTO 32014G23KT 10SM SCT060 25/09 A2991 RMK AO2 PK WND 30026/1730 SLP118 T02500089 10250 20189 51013,0,14.0,1,16090.0,0,0,0,
2026-03-23 16:54:00,METAR KINT 231654Z AUTO 31009G21KT 10SM BKN055 24/11 A2990 RMK AO2 SLP115 T02390106,0,9.0,1,16090.0,0,0,0,
2026-03-23 15:54:00,METAR KINT 231554Z AUTO 32011KT 10SM BKN065 23/12 A2989 RMK AO2 SLP112 T02330117,0,11.0,0,16090.0,0,0,0,
2026-03-23 14:54:00,METAR KINT 231454Z AUTO 34011G15KT 10SM BKN055 BKN070 23/13 A2987 RMK AO2 SLP105 T02280128 53026,0,11.0,1,16090.0,0,0,0,
2026-03-23 13:54:00,METAR KINT 231354Z AUTO 28007KT 10SM BKN060 21/12 A2984 RMK AO2 SLP092 T02110122,0,7.0,0,16090.0,0,0,0,
2026-03-23 12:54:00,METAR KINT 231254Z AUTO 00000KT 10SM FEW065 19/12 A2981 RMK AO2 SLP084 T01940122,0,0.0,0,16090.0,0,0,0,
2026-03-23 11:54:00,METAR KINT 231154Z AUTO 23003KT 10SM CLR 19/12 A2979 RMK AO2 SLP078 T01890122 10211 20189 53016,0,3.0,0,16090.0,0,0,0,
2026-03-23 10:54:00,METAR KINT 231054Z AUTO 21004KT 10SM CLR 19/12 A2977 RMK AO2 SLP070 T01940122,0,4.0,0,16090.0,0,0,0,
2026-03-23 09:54:00,METAR KINT 230954Z AUTO 23006KT 10SM CLR 20/12 A2976 RMK AO2 SLP064 T02000117,0,6.0,0,16090.0,0,0,0,
2026-03-23 08:54:00,METAR KINT 230854Z AUTO 23007KT 10SM CLR 21/12 A2975 RMK AO2 SLP061 T02060117 56007,0,7.0,0,16090.0,0,0,0,
2026-03-23 07:54:00,METAR KINT 230754Z AUTO 23005KT 10SM CLR 20/12 A2975 RMK AO2 SLP062 T02000117,0,5.0,0,16090.0,0,0,0,
2026-03-23 06:54:00,METAR KINT 230654Z AUTO 23006KT 10SM CLR 21/12 A2976 RMK AO2 SLP065 T02110117,0,6.0,0,16090.0,0,0,0,
2026-03-23 05:54:00,METAR KINT 230554Z AUTO 23004KT 10SM CLR 22/11 A2977 RMK AO2 SLP068 T02170111 10272 20211 55009,0,4.0,0,16090.0,0,0,0,
2026-03-23 04:54:00,METAR KINT 230454Z AUTO 21006KT 10SM CLR 22/11 A2976 RMK AO2 SLP066 T02220111 403000128,0,6.0,0,16090.0,0,0,0,
2026-03-23 03:54:00,METAR KINT 230354Z AUTO 20005KT 10SM CLR 23/11 A2977 RMK AO2 SLP070 T02280106,0,5.0,0,16090.0,0,0,0,
2026-03-23 02:54:00,METAR KINT 230254Z AUTO 21006KT 10SM CLR 24/11 A2980 RMK AO2 SLP078 T02390106 50005,0,6.0,0,16090.0,0,0,0,
2026-03-23 01:54:00,METAR KINT 230154Z AUTO 20004KT 10SM CLR 25/11 A2981 RMK AO2 SLP083 T02500106,0,4.0,0,16090.0,0,0,0,
2026-03-23 00:54:00,METAR KINT 230054Z AUTO 21004KT 10SM CLR 26/10 A2980 RMK AO2 SLP080 T02610100,0,4.0,0,16090.0,0,0,0,
2026-03-22 23:54:00,METAR KINT 222354Z AUTO 20004KT 10SM CLR 27/10 A2978 RMK AO2 SLP075 T02720100 10300 20272 55002,0,4.0,0,16090.0,0,0,0,
2026-03-22 22:54:00,METAR KINT 222254Z AUTO 22006G15KT 10SM CLR 29/09 A2977 RMK AO2 SLP072 T02890094,0,6.0,1,16090.0,0,0,0,
2026-03-22 21:54:00,METAR KINT 222154Z AUTO 25009G19KT 10SM CLR 29/10 A2977 RMK AO2 SLP072 T02940100,0,9.0,1,16090.0,0,0,0,
2026-03-22 20:54:00,METAR KINT 222054Z AUTO 23009G21KT 10SM CLR 29/11 A2978 RMK AO2 SLP075 T02940111 56025,0,9.0,1,16090.0,0,0,0,
2026-03-22 19:54:00,METAR KINT 221954Z AUTO 24008G18KT 10SM CLR 29/11 A2980 RMK AO2 SLP080 T02890106,0,8.0,1,16090.0,0,0,0,
2026-03-22 18:54:00,METAR KINT 221854Z AUTO 25010G19KT 10SM CLR 29/12 A2982 RMK AO2 SLP088 T02890117,0,10.0,1,16090.0,0,0,0,
2026-03-22 17:54:00,METAR KINT 221754Z AUTO VRB05KT 10SM CLR 28/13 A2986 RMK AO2 SLP103 T02780133 10278 20139 58019,0,5.0,0,16090.0,0,0,0,
2026-03-22 16:54:00,METAR KINT 221654Z AUTO 24007KT 210V280 10SM CLR 26/13 A2990 RMK AO2 SLP115 T02610133,0,7.0,0,16090.0,0,0,0,
2026-03-22 15:54:00,METAR KINT 221554Z AUTO 26004KT 10SM CLR 25/14 A2991 RMK AO2 SLP120 T02500139,0,4.0,0,16090.0,0,0,0,
2026-03-22 14:54:00,METAR KINT 221454Z AUTO 19004KT 10SM CLR 23/14 A2992 RMK AO2 SLP124 T02280139 50002,0,4.0,0,16090.0,0,0,0,
2026-03-22 13:54:00,METAR KINT 221354Z AUTO 24004KT 10SM CLR 19/13 A2992 RMK AO2 SLP124 T01940133,0,4.0,0,16090.0,0,0,0,
2026-03-22 12:54:00,METAR KINT 221254Z AUTO 25003KT 10SM CLR 16/13 A2992 RMK AO2 SLP126 T01560133,0,3.0,0,16090.0,0,0,0,
2026-03-22 11:54:00,METAR KINT 221154Z AUTO 00000KT 10SM SCT120 14/13 A2991 RMK AO2 SLP123 60005 70005 T01390133 10161 20128 51008,0,0.0,0,16090.0,0,0,0,
2026-03-22 10:54:00,METAR KINT 221054Z AUTO 00000KT 10SM FEW090 BKN110 14/13 A2990 RMK AO2 RAB15E34 SLP118 P0002 T01390133,0,0.0,0,16090.0,0,0,0,RA
2026-03-22 09:54:00,METAR KINT 220954Z AUTO 27003KT 10SM BKN070 OVC095 16/13 A2991 RMK AO2 LTG DSNT SE RAB26E43 SLP120 P0002 T01560128,0,3.0,0,16090.0,0,0,0,"DS,RA"
2026-03-22 09:19:00,SPECI KINT 220919Z AUTO 00000KT 10SM SCT075 16/13 A2989 RMK AO2 T01560128,0,0.0,0,16090.0,0,0,0,
2026-03-22 09:04:00,SPECI KINT 220904Z AUTO VRB03KT 10SM VCTS SCT070 BKN095 BKN120 16/13 A2989 RMK AO2 LTG DSNT SE T01560128,0,3.0,0,16090.0,1,0,0,"DS,TS,VC"
2026-03-22 08:54:00,METAR KINT 220854Z AUTO 21004KT 10SM BKN070 BKN090 OVC110 16/13 A2989 RMK AO2 RAB38E53 SLP112 P0001 60001 T01610128 56004,0,4.0,0,16090.0,0,0,0,RA
2026-03-22 07:54:00,METAR KINT 220754Z AUTO 23003KT 10SM FEW085 16/13 A2989 RMK AO2 SLP113 T01560128,0,3.0,0,16090.0,0,0,0,
2026-03-22 06:54:00,METAR KINT 220654Z AUTO 00000KT 10SM CLR 14/13 A2990 RMK AO2 SLP115 T01440128,0,0.0,0,16090.0,0,0,0,
2026-03-22 05:54:00,METAR KINT 220554Z AUTO 00000KT 8SM CLR 13/13 A2990 RMK AO2 SLP117 60000 T01330128 10206 20133 58004,0,0.0,0,12872.0,0,0,0,
2026-03-22 04:54:00,METAR KINT 220454Z AUTO 00000KT 10SM CLR 14/13 A2991 RMK AO2 SLP119 T01440133 402330133,0,0.0,0,16090.0,0,0,0,
2026-03-22 03:54:00,METAR KINT 220354Z AUTO 00000KT 10SM CLR 16/14 A2991 RMK AO2 SLP121 T01560139,0,0.0,0,16090.0,0,0,0,
2026-03-22 02:54:00,METAR KINT 220254Z AUTO 00000KT 10SM CLR 16/13 A2991 RMK AO2 SLP121 60000 T01610133 53005,0,0.0,0,16090.0,0,0,0,
2026-03-22 01:54:00,METAR KINT 220154Z AUTO VRB03KT 10SM FEW085 FEW110 18/14 A2989 RMK AO2 RAB21E38 SLP116 P0000 T01780139,0,3.0,0,16090.0,0,0,0,RA
2026-03-22 01:38:00,SPECI KINT 220138Z AUTO 00000KT 10SM BKN100 18/13 A2988 RMK AO2 LTG DSNT S RAB21E38 P0000 T01830133,0,0.0,0,16090.0,0,0,0,"DS,RA"
2026-03-22 01:12:00,SPECI KINT 220112Z AUTO 10SM VCTS FEW065 FEW080 BKN100 19/11 A2992 RMK AO2 LTG DSNT S AND SW T01890111,0,,0,16090.0,1,0,0,"DS,TS,VC"
2026-03-22 00:54:00,METAR KINT 220054Z AUTO 00000KT 10SM CLR 18/11 A2991 RMK AO2 LTG DSNT SW SLP122 T01830106,0,0.0,0,16090.0,0,0,0,DS
2026-03-21 23:54:00,METAR KINT 212354Z AUTO 00000KT 10SM CLR 21/11 A2990 RMK AO2 SLP116 T02060106 10233 20200 53009,0,0.0,0,16090.0,0,0,0,
2026-03-21 22:54:00,METAR KINT 212254Z AUTO 21003KT 10SM CLR 23/10 A2987 RMK AO2 SLP108 T02280100,0,3.0,0,16090.0,0,0,0,
2026-03-21 21:54:00,METAR KINT 212154Z AUTO 00000KT 10SM CLR 23/11 A2987 RMK AO2 SLP105 T02280106,0,0.0,0,16090.0,0,0,0,
2026-03-21 20:54:00,METAR KINT 212054Z AUTO 24003KT 10SM CLR 23/10 A2987 RMK AO2 SLP106 T02280100 56019,0,3.0,0,16090.0,0,0,0,
2026-03-21 19:54:00,METAR KINT 211954Z AUTO 22005KT 10SM CLR 23/10 A2989 RMK AO2 SLP113 T02280100,0,5.0,0,16090.0,0,0,0,
2026-03-21 18:54:00,METAR KINT 211854Z AUTO 22005KT 10SM CLR 23/09 A2990 RMK AO2 SLP118 T02330089,0,5.0,0,16090.0,0,0,0,
2026-03-21 17:54:00,METAR KINT 211754Z AUTO 26006KT 10SM CLR 23/08 A2993 RMK AO2 SLP126 T02280083 10233 20144 58008,0,6.0,0,16090.0,0,0,0,
2026-03-21 16:54:00,METAR KINT 211654Z AUTO 27007KT 10SM CLR 23/09 A2994 RMK AO2 SLP130 T02280094,0,7.0,0,16090.0,0,0,0,
2026-03-21 15:54:00,METAR KINT 211554Z AUTO 26005KT 10SM CLR 22/09 A2995 RMK AO2 SLP133 T02170089,0,5.0,0,16090.0,0,0,0,
2026-03-21 14:54:00,METAR KINT 211454Z AUTO 27007KT 10SM CLR 19/07 A2995 RMK AO2 SLP135 T01890072 51013,0,7.0,0,16090.0,0,0,0,
2026-03-21 13:54:00,METAR KINT 211354Z AUTO 00000KT 10SM CLR 16/06 A2995 RMK AO2 SLP135 T01610061,0,0.0,0,16090.0,0,0,0,
2026-03-21 12:54:00,METAR KINT 211254Z AUTO 00000KT 10SM CLR 15/06 A2993 RMK AO2 SLP129 T01500056,0,0.0,0,16090.0,0,0,0,
2026-03-21 11:54:00,METAR KINT 211154Z AUTO 24003KT 10SM CLR 14/05 A2991 RMK AO2 SLP122 T01440050 10167 20139 53013,0,3.0,0,16090.0,0,0,0,
2026-03-21 10:54:00,METAR KINT 211054Z AUTO 23003KT 10SM FEW070 14/04 A2989 RMK AO2 SLP115 T01440044,0,3.0,0,16090.0,0,0,0,
2026-03-21 09:54:00,METAR KINT 210954Z AUTO 23006KT 10SM BKN075 BKN090 15/04 A2988 RMK AO2 SLP110 T01500044,0,6.0,0,16090.0,0,0,0,
2026-03-21 08:54:00,METAR KINT 210854Z AUTO 23004KT 10SM CLR 15/04 A2987 RMK AO2 SLP108 T01500039 56008,0,4.0,0,16090.0,0,0,0,
2026-03-21 07:54:00,METAR KINT 210754Z AUTO 23005KT 10SM BKN095 16/04 A2988 RMK AO2 SLP109 T01560039,0,5.0,0,16090.0,0,0,0,
2026-03-21 06:54:00,METAR KINT 210654Z AUTO 23005KT 10SM FEW120 16/03 A2989 RMK AO2 SLP114 T01560033,0,5.0,0,16090.0,0,0,0,
2026-03-21 05:54:00,METAR KINT 210554Z AUTO VRB05KT 10SM FEW120 17/03 A2990 RMK AO2 SLP116 T01670033 10194 20167 58014,0,5.0,0,16090.0,0,0,0,
2026-03-21 04:54:00,METAR KINT 210454Z AUTO 24009G16KT 10SM FEW120 17/03 A2992 RMK AO2 SLP122 T01720028 402220028,0,9.0,1,16090.0,0,0,0,
2026-03-21 03:54:00,METAR KINT 210354Z AUTO 22006KT 10SM CLR 17/02 A2993 RMK AO2 SLP127 T01720022,0,6.0,0,16090.0,0,0,0,
2026-03-21 02:54:00,METAR KINT 210254Z AUTO 21003KT 10SM FEW110 18/02 A2994 RMK AO2 SLP132 T01780017 58002,0,3.0,0,16090.0,0,0,0,
2026-03-21 01:54:00,METAR KINT 210154Z AUTO 21005KT 10SM SCT100 18/02 A2995 RMK AO2 SLP138 T01830022,0,5.0,0,16090.0,0,0,0,
2026-03-21 00:54:00,METAR KINT 210054Z AUTO 19006KT 10SM SCT120 19/02 A2995 RMK AO2 SLP139 T01890017,0,6.0,0,16090.0,0,0,0,
2026-03-20 23:54:00,METAR KINT 202354Z AUTO 19005KT 10SM FEW110 19/01 A2995 RMK AO2 SLP138 T01940011 10222 20194 56009,0,5.0,0,16090.0,0,0,0,
2026-03-20 22:54:00,METAR KINT 202254Z AUTO 19006G14KT 10SM CLR 21/01 A2996 RMK AO2 SLP142 T02060006,0,6.0,1,16090.0,0,0,0,
2026-03-20 21:54:00,METAR KINT 202154Z AUTO 20009G16KT 10SM FEW120 21/00 A2996 RMK AO2 SLP142 T02110000,0,9.0,1,16090.0,0,0,0,
2026-03-20 20:54:00,METAR KINT 202054Z AUTO 20006G16KT 10SM CLR 21/00 A2998 RMK AO2 SLP146 T02110000 56038,0,6.0,1,16090.0,0,0,0,
2026-03-20 19:54:00,METAR KINT 201954Z AUTO 22010G18KT 10SM CLR 22/00 A3001 RMK AO2 SLP157 T02170000,0,10.0,1,16090.0,0,0,0,
2026-03-20 18:54:00,METAR KINT 201854Z AUTO 19012G19KT 10SM CLR 22/M01 A3005 RMK AO2 SLP171 T02171006,0,12.0,1,16090.0,0,0,0,
2026-03-20 17:54:00,METAR KINT 201754Z AUTO 23011G17KT 10SM CLR 22/01 A3009 RMK AO2 SLP185 T02170006 10217 20044 58029,0,11.0,1,16090.0,0,0,0,
2026-03-20 16:54:00,METAR KINT 201654Z AUTO 22010G17KT 10SM CLR 20/02 A3013 RMK AO2 SLP199 T02000017,0,10.0,1,16090.0,0,0,0,
2026-03-20 15:54:00,METAR KINT 201554Z AUTO 22007KT 10SM CLR 17/02 A3016 RMK AO2 SLP209 T01720022,0,7.0,0,16090.0,0,0,0,
2026-03-20 14:54:00,METAR KINT 201454Z AUTO 23006KT 10SM CLR 15/02 A3018 RMK AO2 SLP217 T01500017 58002,0,6.0,0,16090.0,0,0,0,
2026-03-20 13:54:00,METAR KINT 201354Z AUTO 23005KT 10SM CLR 12/02 A3018 RMK AO2 SLP219 T01220017,0,5.0,0,16090.0,0,0,0,
2026-03-20 12:54:00,METAR KINT 201254Z AUTO 00000KT 10SM CLR 09/02 A3018 RMK AO2 SLP219 T00890017,0,0.0,0,16090.0,0,0,0,
2026-03-20 11:54:00,METAR KINT 201154Z AUTO 00000KT 10SM CLR 04/01 A3018 RMK AO2 SLP220 T00440006 10072 20028 53005,0,0.0,0,16090.0,0,0,0,
2026-03-20 10:54:00,METAR KINT 201054Z AUTO 00000KT 10SM CLR 03/01 A3017 RMK AO2 SLP216 T00280006,0,0.0,0,16090.0,0,0,0,
2026-03-20 09:54:00,METAR KINT 200954Z AUTO 00000KT 10SM CLR 04/01 A3017 RMK AO2 SLP215 T00440006,0,0.0,0,16090.0,0,0,0,
2026-03-20 08:54:00,METAR KINT 200854Z AUTO 00000KT 10SM CLR 06/01 A3017 RMK AO2 SLP213 T00560006 58009,0,0.0,0,16090.0,0,0,0,
2026-03-20 07:54:00,METAR KINT 200754Z AUTO 00000KT 10SM CLR 06/01 A3018 RMK AO2 SLP217 T00560006,0,0.0,0,16090.0,0,0,0,
2026-03-20 06:54:00,METAR KINT 200654Z AUTO 00000KT 10SM CLR 07/01 A3019 RMK AO2 SLP220 T00720011,0,0.0,0,16090.0,0,0,0,
2026-03-20 05:54:00,METAR KINT 200554Z AUTO 00000KT 10SM CLR 06/01 A3019 RMK AO2 SLPNO T00560011 10150 20056 58004,0,0.0,0,16090.0,0,0,0,
2026-03-20 04:54:00,METAR KINT 200454Z AUTO 00000KT 10SM CLR 08/01 A3021 RMK AO2 SLPNO T00780006,0,0.0,0,16090.0,0,0,0,
2026-03-20 03:54:00,METAR KINT 200354Z AUTO 00000KT 10SM CLR 08/01 A3022 RMK AO2 SLPNO T00830006,0,0.0,0,16090.0,0,0,0,
2026-03-20 02:54:00,METAR KINT 200254Z AUTO 00000KT 10SM CLR 08/01 A3020 RMK AO2 SLPNO T00830006 51013,0,0.0,0,16090.0,0,0,0,
2026-03-20 01:54:00,METAR KINT 200154Z AUTO 00000KT 10SM CLR 11/00 A3020 RMK AO2 SLPNO T01060000,0,0.0,0,16090.0,0,0,0,
2026-03-20 00:54:00,METAR KINT 200054Z AUTO 00000KT 10SM CLR 13/M01 A3019 RMK AO2 SLPNO T01331006,0,0.0,0,16090.0,0,0,0,
2026-03-19 23:54:00,METAR KINT 192354Z AUTO 00000KT 10SM CLR 15/M01 A3017 RMK AO2 SLPNO T01501011 10172 20144 55000,0,0.0,0,16090.0,0,0,0,
2026-03-19 22:54:00,METAR KINT 192254Z AUTO 00000KT 10SM CLR 16/M01 A3015 RMK AO2 SLPNO T01611011,0,0.0,0,16090.0,0,0,0,
2026-03-19 21:54:00,METAR KINT 192154Z AUTO 10SM CLR 17/M01 A3016 RMK AO2 SLPNO T01671011,0,,0,16090.0,0,0,0,
2026-03-19 20:54:00,METAR KINT 192054Z AUTO 28003KT 10SM CLR 17/M02 A3017 RMK AO2 SLPNO T01671017 56023,0,3.0,0,16090.0,0,0,0,
2026-03-19 19:54:00,METAR KINT 191954Z AUTO 33005KT 10SM CLR 16/M02 A3018 RMK AO2 SLPNO T01611017,0,5.0,0,16090.0,0,0,0,
2026-03-19 18:54:00,METAR KINT 191854Z AUTO 30005KT 10SM CLR 15/M02 A3020 RMK AO2 SLPNO T01501022,0,5.0,0,16090.0,0,0,0,
2026-03-19 17:54:00,METAR KINT 191754Z AUTO A3023 RMK AO2 SLPNO 57017 PWINO FZRANO,0,,0,,0,0,0,
2026-03-19 16:54:00,METAR KINT 191654Z AUTO A3025 RMK AO2 SLPNO PWINO FZRANO,0,,0,,0,0,0,
2026-03-19 15:54:00,METAR KINT 191554Z AUTO A3026 RMK AO2 SLPNO PWINO FZRANO,0,,0,,0,0,0,
2026-03-19 14:54:00,METAR KINT 191454Z AUTO A3028 RMK AO2 SLPNO 51006 PWINO FZRANO,0,,0,,0,0,0,
2026-03-19 13:54:00,METAR KINT 191354Z AUTO A3028 RMK AO2 SLPNO PWINO FZRANO,0,,0,,0,0,0,
2026-03-19 12:54:00,METAR KINT 191254Z AUTO A3028 RMK AO2 SLPNO PWINO FZRANO,0,,0,,0,0,0,
2026-03-19 11:54:00,METAR KINT 191154Z AUTO A3026 RMK AO2 SLPNO 53010 PWINO FZRANO,0,,0,,0,0,0,
2026-03-19 10:54:00,METAR KINT 191054Z AUTO A3025 RMK AO2 SLPNO PWINO FZRANO,0,,0,,0,0,0,
2026-03-19 09:54:00,METAR KINT 190954Z AUTO A3023 RMK AO2 SLPNO PWINO FZRANO,0,,0,,0,0,0,
2026-03-19 08:54:00,METAR KINT 190854Z AUTO A3023 RMK AO2 SLPNO 58017 PWINO FZRANO,0,,0,,0,0,0,
2026-03-19 07:54:00,METAR KINT 190754Z AUTO A3025 RMK AO2 SLPNO PWINO FZRANO,0,,0,,0,0,0,
2026-03-19 06:54:00,METAR KINT 190654Z AUTO A3027 RMK AO2 SLPNO PWINO FZRANO,0,,0,,0,0,0,
2026-03-19 05:54:00,METAR KINT 190554Z AUTO A3028 RMK AO2 SLPNO 50000 PWINO FZRANO,0,,0,,0,0,0,
2026-03-19 04:54:00,METAR KINT 190454Z AUTO A3029 RMK AO2 SLPNO PWINO FZRANO,0,,0,,0,0,0,
2026-03-19 03:54:00,METAR KINT 190354Z AUTO A3029 RMK AO2 SLPNO PWINO FZRANO,0,,0,,0,0,0,
2026-03-19 02:54:00,METAR KINT 190254Z AUTO A3028 RMK AO2 SLPNO 52003 PWINO FZRANO,0,,0,,0,0,0,
2026-03-19 01:54:00,METAR KINT 190154Z AUTO A3028 RMK AO2 SLPNO PWINO FZRANO,0,,0,,0,0,0,
2026-03-19 00:54:00,METAR KINT 190054Z AUTO A3027 RMK AO2 SLPNO PWINO FZRANO,0,,0,,0,0,0,
2026-03-18 23:54:00,METAR KINT 182354Z AUTO A3027 RMK AO2 SLPNO 55000 PWINO FZRANO,0,,0,,0,0,0,
2026-03-18 22:54:00,METAR KINT 182254Z AUTO A3026 RMK AO2 SLPNO PWINO FZRANO,0,,0,,0,0,0,
2026-03-18 21:54:00,METAR KINT 182154Z AUTO A3026 RMK AO2 SLPNO PWINO FZRANO,0,,0,,0,0,0,
2026-03-18 20:54:00,METAR KINT 182054Z AUTO A3027 RMK AO2 SLPNO 56026 PWINO FZRANO,0,,0,,0,0,0,
2026-03-18 19:54:00,METAR KINT 181954Z AUTO A3029 RMK AO2 SLPNO PWINO FZRANO,0,,0,,0,0,0,
2026-03-18 18:54:00,METAR KINT 181854Z AUTO A3032 RMK AO2 SLPNO PWINO FZRANO,0,,0,,0,0,0,
2026-03-18 17:54:00,METAR KINT 181754Z AUTO A3035 RMK AO2 SLPNO 58010 PWINO FZRANO,0,,0,,0,0,0,
2026-03-18 16:54:00,METAR KINT 181654Z AUTO A3037 RMK AO2 SLPNO PWINO FZRANO,0,,0,,0,0,0,
2026-03-18 15:54:00,METAR KINT 181554Z AUTO A3038 RMK AO2 SLPNO PWINO FZRANO,0,,0,,0,0,0,
2026-03-18 14:54:00,METAR KINT 181454Z AUTO A3038 RMK AO2 SLPNO 50013 PWINO FZRANO,0,,0,,0,0,0,
2026-03-18 13:54:00,METAR KINT 181354Z AUTO A3039 RMK AO2 SLPNO PWINO FZRANO,0,,0,,0,0,0,
2026-03-18 12:54:00,METAR KINT 181254Z AUTO A3038 RMK AO2 SLPNO PWINO FZRANO,0,,0,,0,0,0,
2026-03-18 11:54:00,METAR KINT 181154Z AUTO A3034 RMK AO2 SLPNO 52026 PWINO FZRANO,0,,0,,0,0,0,
2026-03-18 10:54:00,METAR KINT 181054Z AUTO A3031 RMK AO2 SLPNO PWINO FZRANO,0,,0,,0,0,0,
2026-03-18 09:54:00,METAR KINT 180954Z AUTO A3029 RMK AO2 SLPNO PWINO FZRANO,0,,0,,0,0,0,
2026-03-18 08:54:00,METAR KINT 180854Z AUTO A3026 RMK AO2 SLPNO 58003 PWINO FZRANO,0,,0,,0,0,0,
2026-03-18 07:54:00,METAR KINT 180754Z AUTO A3027 RMK AO2 SLPNO PWINO FZRANO,0,,0,,0,0,0,
2026-03-18 06:54:00,METAR KINT 180654Z AUTO A3027 RMK AO2 SLPNO PWINO FZRANO,0,,0,,0,0,0,
2026-03-18 05:54:00,METAR KINT 180554Z AUTO A3027 RMK AO2 SLPNO 51006 PWINO FZRANO,0,,0,,0,0,0,
2026-03-18 04:54:00,METAR KINT 180454Z AUTO A3027 RMK AO2 SLPNO PWINO FZRANO,0,,0,,0,0,0,
2026-03-18 03:54:00,METAR KINT 180354Z AUTO A3026 RMK AO2 SLPNO PWINO FZRANO,0,,0,,0,0,0,
2026-03-18 02:54:00,METAR KINT 180254Z AUTO A3025 RMK AO2 SLPNO 51026 PWINO FZRANO,0,,0,,0,0,0,
2026-03-18 01:54:00,METAR KINT 180154Z AUTO A3024 RMK AO2 SLPNO PWINO FZRANO,0,,0,,0,0,0,
2026-03-18 00:54:00,METAR KINT 180054Z AUTO A3021 RMK AO2 SLPNO PWINO FZRANO,0,,0,,0,0,0,
2026-03-17 23:54:00,METAR KINT 172354Z AUTO A3017 RMK AO2 SLPNO 53036 PWINO FZRANO,0,,0,,0,0,0,
2026-03-17 22:54:00,METAR KINT 172254Z AUTO A3013 RMK AO2 SLPNO PWINO FZRANO,0,,0,,0,0,0,
2026-03-17 21:54:00,METAR KINT 172154Z AUTO A3009 RMK AO2 SLPNO PWINO FZRANO,0,,0,,0,0,0,
2026-03-17 20:54:00,METAR KINT 172054Z AUTO A3006 RMK AO2 SLPNO 55003 PWINO FZRANO,0,,0,,0,0,0,
2026-03-17 19:54:00,METAR KINT 171954Z AUTO A3005 RMK AO2 SLPNO PWINO FZRANO,0,,0,,0,0,0,
2026-03-17 18:54:00,METAR KINT 171854Z AUTO A3005 RMK AO2 SLPNO PWINO FZRANO,0,,0,,0,0,0,
2026-03-17 17:54:00,METAR KINT 171754Z AUTO A3007 RMK AO2 SLPNO 58013 PWINO FZRANO,0,,0,,0,0,0,
2026-03-17 16:54:00,METAR KINT 171654Z AUTO A3010 RMK AO2 SLPNO PWINO FZRANO,0,,0,,0,0,0,
2026-03-17 15:54:00,METAR KINT 171554Z AUTO A3010 RMK AO2 SLPNO PWINO FZRANO,0,,0,,0,0,0,
2026-03-17 14:54:00,METAR KINT 171454Z AUTO A3011 RMK AO2 SLPNO 51017 PWINO FZRANO,0,,0,,0,0,0,
2026-03-17 13:54:00,METAR KINT 171354Z AUTO A3010 RMK AO2 SLPNO PWINO FZRANO,0,,0,,0,0,0,
2026-03-17 12:54:00,METAR KINT 171254Z AUTO A3009 RMK AO2 SLPNO PWINO FZRANO,0,,0,,0,0,0,
2026-03-17 11:54:00,METAR KINT 171154Z AUTO A3006 RMK AO2 SLPNO 70081 53036 PWINO FZRANO $,0,,0,,0,0,0,
2026-03-17 10:54:00,METAR KINT 171054Z AUTO A3002 RMK AO2 SLPNO PWINO FZRANO $,0,,0,,0,0,0,
2026-03-17 09:54:00,METAR KINT 170954Z AUTO A2997 RMK AO2 SLPNO PWINO FZRANO $,0,,0,,0,0,0,
2026-03-17 08:54:00,METAR KINT 170854Z AUTO A2995 RMK AO2 SLPNO 53017 PWINO FZRANO $,0,,0,,0,0,0,
2026-03-17 07:54:00,METAR KINT 170754Z AUTO A2992 RMK AO2 SLPNO PWINO FZRANO $,0,,0,,0,0,0,
2026-03-17 06:54:00,METAR KINT 170654Z AUTO A2991 RMK AO2 SLPNO PWINO FZRANO $,0,,0,,0,0,0,
2026-03-17 05:54:00,METAR KINT 170554Z AUTO A2990 RMK AO2 SLPNO 60000 51043 PWINO FZRANO $,0,,0,,0,0,0,
2026-03-17 04:54:00,METAR KINT 170454Z AUTO A2987 RMK AO2 SLPNO 401940044 PWINO FZRANO $,0,,0,,0,0,0,
2026-03-17 03:54:00,METAR KINT 170354Z AUTO A2983 RMK AO2 SLPNO PWINO FZRANO $,0,,0,,0,0,0,
2026-03-17 02:54:00,METAR KINT 170254Z AUTO A2977 RMK AO2 SLPNO 60000 51065 PWINO FZRANO $,0,,0,,0,0,0,
2026-03-17 01:54:00,METAR KINT 170154Z AUTO A2971 RMK AO2 SLPNO PWINO FZRANO $,0,,0,,0,0,0,
2026-03-17 00:54:00,METAR KINT 170054Z AUTO 29011G24KT 10SM OVC055 05/M02 A2965 RMK AO2 PK WND 31031/0000 RAE2358 PRESRR SLP038 P0000 T00501017,0,11.0,1,16090.0,0,0,0,RA
2026-03-17 00:02:00,SPECI KINT 170002Z AUTO 30016G31KT 10SM FEW013 BKN034 OVC041 06/02 A2958 RMK AO2 PK WND 31031/0000 RAE2358 P0000 T00560017,0,16.0,1,16090.0,0,0,0,RA
2026-03-16 23:54:00,METAR KINT 162354Z AUTO 30012G31KT 10SM -RA SCT013 BKN021 OVC037 06/03 A2958 RMK AO2 PK WND 29031/2347 CIG 016V027 SLP011 P0004 60038 T00610028 10178 20061 53065,0,12.0,1,16090.0,0,0,0,-RA
2026-03-16 23:32:00,SPECI KINT 162332Z AUTO 28013G22KT 10SM -RA SCT014 BKN022 OVC080 08/06 A2953 RMK AO2 P0004 T00780061,0,13.0,1,16090.0,0,0,0,-RA
2026-03-16 23:12:00,SPECI KINT 162312Z AUTO 28007KT 10SM -RA FEW011 SCT019 OVC075 08/06 A2947 RMK AO2 P0003 T00780061,0,7.0,0,16090.0,0,0,0,-RA
2026-03-16 23:01:00,SPECI KINT 162301Z AUTO 30008G17KT 3SM +RA BR FEW011 BKN019 OVC055 08/07 A2948 RMK AO2 PRESFR P0003 T00830067,0,8.0,1,4827.0,0,1,1,"+RA,BR"
2026-03-16 22:54:00,METAR KINT 162254Z AUTO 28010G17KT 2 1/2SM RA BR SCT011 BKN019 OVC041 08/07 A2950 RMK AO2 PK WND 30032/2225 WSHFT 2214 SLP984 P0025 T00830067,0,10.0,1,4022.0,0,0,1,"BR,RA"
2026-03-16 22:40:00,SPECI KINT 162240Z AUTO 29012G24KT 4SM -RA BR SCT010 BKN017 OVC036 09/07 A2951 RMK AO2 PK WND 30032/2225 WSHFT 2214 P0020 T00890072,0,12.0,1,6436.0,0,0,1,"-RA,BR"
2026-03-16 22:33:00,SPECI KINT 162233Z AUTO 28012G32KT 2SM RA BR SCT010 BKN014 OVC018 09/07 A2950 RMK AO2 PK WND 30032/2225 WSHFT 2214 P0018 T00890072,0,12.0,1,3218.0,0,0,1,"BR,RA"
2026-03-16 22:23:00,SPECI KINT 162223Z AUTO 28017G27KT 1 1/2SM RA BR SCT009 BKN017 OVC023 11/09 A2950 RMK AO2 PK WND 28027/2222 PRESRR P0013 T01060094,0,17.0,1,2414.0,0,0,1,"BR,RA"
2026-03-16 22:16:00,SPECI KINT 162216Z AUTO 26012G24KT 2SM +RA BR FEW009 BKN017 OVC022 12/10 A2945 RMK AO2 P0008 T01170100,0,12.0,1,3218.0,0,1,1,"+RA,BR"
2026-03-16 22:05:00,SPECI KINT 162205Z AUTO 23010G21KT 200V260 5SM -RA BR SCT017 BKN023 OVC050 12/11 A2944 RMK AO2 P0002 T01220106,0,10.0,1,8045.0,0,0,1,"-RA,BR"
2026-03-16 21:54:00,METAR KINT 162154Z AUTO 23010G22KT 3SM -RA BR SCT019 BKN035 OVC048 12/11 A2943 RMK AO2 PK WND 22042/2114 SLP960 P0009 T01220106,0,10.0,1,4827.0,0,0,1,"-RA,BR"
2026-03-16 21:36:00,SPECI KINT 162136Z AUTO 24014G29KT 8SM -RA FEW016 BKN043 OVC050 13/10 A2942 RMK AO2 PK WND 22042/2114 P0007 T01280100,0,14.0,1,12872.0,0,0,0,-RA
2026-03-16 21:28:00,SPECI KINT 162128Z AUTO 23015G32KT 200V260 8SM -RA FEW013 BKN027 OVC041 13/11 A2943 RMK AO2 PK WND 22042/2114 PRESRR P0006 T01330106,0,15.0,1,12872.0,0,0,0,-RA
2026-03-16 21:18:00,SPECI KINT 162118Z AUTO 24014G42KT 2SM +RA FEW014 BKN021 OVC035 15/12 A2940 RMK AO2 PK WND 22042/2114 P0006 T01500122,0,14.0,1,3218.0,0,1,0,+RA
2026-03-16 20:54:00,METAR KINT 162054Z AUTO 20015G25KT 10SM -RA BKN024 OVC031 17/13 A2938 RMK AO2 PK WND 18031/2038 RAB19E37B54 SLP940 P0000 60000 T01720133 56047,0,15.0,1,16090.0,0,0,0,"-RA,RA"
2026-03-16 19:54:00,METAR KINT 161954Z AUTO 18012G27KT 160V220 10SM BKN027 OVC032 18/13 A2942 RMK AO2 PK WND 16027/1954 SLP954 T01780128,0,12.0,1,16090.0,0,0,0,
2026-03-16 19:08:00,SPECI KINT 161908Z AUTO 19014G25KT 10SM BKN025 BKN032 BKN110 17/13 A2946 RMK AO2 T01720128,0,14.0,1,16090.0,0,0,0,
2026-03-16 18:54:00,METAR KINT 161854Z AUTO 19010G22KT 10SM SCT025 BKN031 BKN100 17/13 A2947 RMK AO2 RAB16E31 SLP970 P0000 T01720128,0,10.0,1,16090.0,0,0,0,RA
2026-03-16 18:24:00,SPECI KINT 161824Z AUTO 19012G21KT 10SM -RA BKN025 BKN090 OVC110 17/13 A2950 RMK AO2 RAB16 P0000 T01670128,0,12.0,1,16090.0,0,0,0,-RA
2026-03-16 17:54:00,METAR KINT 161754Z AUTO 18011G21KT 10SM FEW120 17/13 A2952 RMK AO2 SLP989 60043 T01670128 10194 20139 58033,0,11.0,1,16090.0,0,0,0,
2026-03-16 16:54:00,METAR KINT 161654Z AUTO 19010G19KT 10SM OVC110 17/12 A2958 RMK AO2 RAB03E54 SLP009 P0000 T01670122,0,10.0,1,16090.0,0,0,0,RA
2026-03-16 15:54:00,METAR KINT 161554Z AUTO 20007G15KT 160V220 10SM FEW045 BKN100 BKN120 17/14 A2960 RMK AO2 RAB10E23 SLP015 P0001 T01720139,0,7.0,1,16090.0,0,0,0,RA
2026-03-16 14:54:00,METAR KINT 161454Z AUTO 20006KT 10SM BKN085 16/14 A2962 RMK AO2 PK WND 27034/1418 RAB20E39 TSB23E38 SLP024 P0033 60042 T01610139 51001,0,6.0,0,16090.0,1,0,0,"RA,TS"
2026-03-16 14:38:00,SPECI KINT 161438Z AUTO 21005KT 10SM -RA FEW014 SCT032 OVC080 16/13 A2962 RMK AO2 PK WND 27034/1418 LTG DSNT N RAB20 TSB23E38 P0033 T01560133,0,5.0,0,16090.0,1,0,0,"-RA,DS,TS"
2026-03-16 14:32:00,SPECI KINT 161432Z AUTO 22006G15KT 1 1/2SM -TSRA BR SCT016 BKN032 OVC080 15/13 A2961 RMK AO2 PK WND 27034/1418 LTG DSNT N RAB20 TSB23 P0033 T01500133,0,6.0,1,2414.0,1,0,1,"BR,DS,RA"
2026-03-16 14:23:00,SPECI KINT 161423Z AUTO 26011G34KT 220V280 1/2SM +TSRA FG FEW011 BKN019 OVC033 16/13 A2963 RMK AO2 PK WND 27034/1418 RAB20 TSB23 P0033 T01560133,0,11.0,1,804.0,1,0,1,"FG,RA"
2026-03-16 14:19:00,SPECI KINT 161419Z AUTO 26018G34KT 1 3/4SM HZ FEW011 BKN028 OVC035 19/16 A2964 RMK AO2 PK WND 27034/1418 PRESRR T01890161,0,18.0,1,2816.0,0,0,0,
2026-03-16 14:08:00,SPECI KINT 161408Z AUTO 19009G21KT 10SM FEW016 BKN026 OVC043 19/17 A2961 RMK AO2 LTG DSNT W T01940167,0,9.0,1,16090.0,0,0,0,DS
2026-03-16 13:54:00,METAR KINT 161354Z AUTO 19009G20KT 10SM FEW016 SCT022 BKN044 19/17 A2961 RMK AO2 LTG DSNT NW SLP019 T01890167,0,9.0,1,16090.0,0,0,0,DS
2026-03-16 13:17:00,SPECI KINT 161317Z AUTO VRB04KT 10SM FEW024 SCT031 BKN050 18/16 A2963 RMK AO2 T01780161,0,4.0,0,16090.0,0,0,0,
2026-03-16 13:07:00,SPECI KINT 161307Z AUTO 20005KT 10SM BKN022 BKN032 OVC100 18/16 A2963 RMK AO2 T01780156,0,5.0,0,16090.0,0,0,0,
2026-03-16 12:54:00,METAR KINT 161254Z AUTO VRB05KT 10SM SCT022 BKN032 OVC100 18/16 A2964 RMK AO2 RAE50 TSB20E35 SLP029 P0009 T01780156,0,5.0,0,16090.0,1,0,0,TS
2026-03-16 12:37:00,SPECI KINT 161237Z AUTO 20008G18KT 10SM -RA FEW008 BKN090 OVC110 17/16 A2964 RMK AO2 LTG DSNT NE TSB20E35 P0009 T01720156,0,8.0,1,16090.0,1,0,0,"-RA,DS,TS"
2026-03-16 12:28:00,SPECI KINT 161228Z AUTO 20010G25KT 9SM -TSRA SCT011 BKN070 OVC100 18/15 A2964 RMK AO2 LTG DSNT N AND NE TSB20 P0008 T01780150,0,10.0,1,14481.0,1,0,0,"DS,RA"
2026-03-16 12:21:00,SPECI KINT 161221Z AUTO 21015G25KT 3SM -TSRA SCT012 BKN023 OVC090 18/16 A2964 RMK AO2 LTG DSNT N AND NE TSB20 P0007 T01830156,0,15.0,1,4827.0,1,0,0,"DS,RA"
2026-03-16 12:17:00,SPECI KINT 161217Z AUTO 20011G24KT 2SM RA BR BKN012 BKN028 OVC085 18/16 A2964 RMK AO2 LTG DSNT N AND NE P0007 T01830161,0,11.0,1,3218.0,0,0,1,"BR,DS,RA"
2026-03-16 12:11:00,SPECI KINT 161211Z AUTO 19007KT 150V220 2 1/2SM VCTS +RA BR SCT010 BKN015 OVC028 18/17 A2963 RMK AO2 VIS 1 3/4V5 LTG DSNT N AND NW P0004 T01830172,0,7.0,0,4022.0,1,1,1,"+RA,BR,DS,TS,VC"
2026-03-16 12:06:00,SPECI KINT 161206Z AUTO VRB05G18KT 5SM VCTS -RA BR BKN013 BKN021 OVC028 19/17 A2963 RMK AO2 LTG DSNT N AND NW P0001 T01890172,0,5.0,1,8045.0,1,0,1,"-RA,BR,DS,TS,VC"
2026-03-16 11:54:00,METAR KINT 161154Z AUTO 17010G19KT 7SM -RA BKN016 BKN025 OVC033 19/17 A2962 RMK AO2 LTG DSNT N AND NW RAB16 SLP022 P0005 60005 70022 T01890172 10194 20183 58009,0,10.0,1,11263.0,0,0,0,"-RA,DS"
2026-03-16 10:54:00,METAR KINT 161054Z AUTO 19010G19KT 10SM BKN018 OVC025 19/17 A2965 RMK AO2 SLP031 T01940167,0,10.0,1,16090.0,0,0,0,
2026-03-16 09:54:00,METAR KINT 160954Z AUTO 20010G19KT 10SM OVC015 19/17 A2965 RMK AO2 SLP031 T01890167,0,10.0,1,16090.0,0,0,0,
2026-03-16 08:54:00,METAR KINT 160854Z AUTO 18010G20KT 10SM BKN011 OVC014 19/17 A2967 RMK AO2 CIG 010V013 SLP038 T01890167 58034,0,10.0,1,16090.0,0,0,0,
2026-03-16 07:54:00,METAR KINT 160754Z AUTO 18010G20KT 150V220 10SM BKN011 OVC014 18/17 A2974 RMK AO2 CIG 009V012 SLP060 T01830167,0,10.0,1,16090.0,0,0,0,
2026-03-16 06:54:00,METAR KINT 160654Z AUTO 20009G22KT 10SM OVC012 18/17 A2977 RMK AO2 SLP074 T01830167,0,9.0,1,16090.0,0,0,0,
2026-03-16 05:54:00,METAR KINT 160554Z AUTO 19009G22KT 10SM OVC012 18/16 A2978 RMK AO2 SLP074 T01830161 10183 20161 56028,0,9.0,1,16090.0,0,0,0,
2026-03-16 04:54:00,METAR KINT 160454Z AUTO 18011G23KT 10SM OVC013 18/16 A2979 RMK AO2 SLP081 T01780156 402220072,0,11.0,1,16090.0,0,0,0,
2026-03-16 03:54:00,METAR KINT 160354Z AUTO 15008G19KT 10SM OVC014 18/16 A2983 RMK AO2 SLP093 T01780156,0,8.0,1,16090.0,0,0,0,
2026-03-16 02:54:00,METAR KINT 160254Z AUTO 15010G17KT 10SM BKN016 17/16 A2986 RMK AO2 SLP105 T01720156 58025,0,10.0,1,16090.0,0,0,0,
2026-03-16 02:23:00,SPECI KINT 160223Z AUTO 14011KT 10SM BKN015 OVC020 17/16 A2987 RMK AO2 T01720156,0,11.0,0,16090.0,0,0,0,
2026-03-16 01:54:00,METAR KINT 160154Z AUTO 14009G18KT 10SM OVC010 17/16 A2988 RMK AO2 SLP115 T01670156,0,9.0,1,16090.0,0,0,0,
2026-03-16 01:04:00,SPECI KINT 160104Z AUTO 12009KT 10SM BKN013 BKN019 BKN024 17/16 A2990 RMK AO2 T01670156,0,9.0,0,16090.0,0,0,0,
2026-03-16 00:54:00,METAR KINT 160054Z AUTO 13008KT 10SM SCT013 BKN022 BKN060 16/15 A2991 RMK AO2 SLP125 T01610150,0,8.0,0,16090.0,0,0,0,
2026-03-16 00:46:00,SPECI KINT 160046Z AUTO 11007KT 10SM BKN013 BKN020 BKN025 16/15 A2991 RMK AO2 T01610150,0,7.0,0,16090.0,0,0,0,
2026-03-16 00:36:00,SPECI KINT 160036Z AUTO 11008KT 10SM FEW016 SCT028 SCT040 16/15 A2991 RMK AO2 T01610150,0,8.0,0,16090.0,0,0,0,
2026-03-15 23:54:00,METAR KINT 152354Z AUTO 11005KT 10SM BKN018 OVC024 16/16 A2993 RMK AO2 RAE25 SLP133 P0003 60017 T01610156 10222 20161 58011,0,5.0,0,16090.0,0,0,0,
2026-03-15 23:03:00,SPECI KINT 152303Z AUTO 12005KT 3SM RA BR SCT020 OVC028 16/15 A2995 RMK AO2 P0002 T01610150,0,5.0,0,4827.0,0,0,1,"BR,RA"
2026-03-15 22:54:00,METAR KINT 152254Z AUTO 11006KT 1 1/4SM +RA BR SCT020 BKN025 OVC035 16/15 A2995 RMK AO2 SLP139 P0013 T01610150,0,6.0,0,2011.0,0,1,1,"+RA,BR"
2026-03-15 22:47:00,SPECI KINT 152247Z AUTO 16004KT 2 1/2SM RA BR SCT021 BKN026 OVC034 17/14 A2996 RMK AO2 P0005 T01670144,0,4.0,0,4022.0,0,0,1,"BR,RA"
2026-03-15 21:54:00,METAR KINT 152154Z AUTO 14004G17KT 8SM -RA SCT045 OVC055 17/13 A2996 RMK AO2 RAB27 SLP142 P0001 T01720133,0,4.0,1,12872.0,0,0,0,-RA
2026-03-15 20:54:00,METAR KINT 152054Z AUTO 14011G18KT 10SM FEW055 OVC090 22/10 A2997 RMK AO2 SLP141 T02170100 56038,0,11.0,1,16090.0,0,0,0,
2026-03-15 19:54:00,METAR KINT 151954Z AUTO 13010G20KT 10SM FEW049 BKN090 OVC110 22/09 A3000 RMK AO2 SLP153 T02170094,0,10.0,1,16090.0,0,0,0,
2026-03-15 18:54:00,METAR KINT 151854Z AUTO 12014G22KT 10SM SCT055 BKN100 21/09 A3004 RMK AO2 SLP167 T02110089,0,14.0,1,16090.0,0,0,0,
2026-03-15 17:54:00,METAR KINT 151754Z AUTO 14008G16KT 10SM SCT039 BKN047 BKN055 21/10 A3008 RMK AO2 SLP181 T02060100 10206 20089 58033,0,8.0,1,16090.0,0,0,0,
2026-03-15 17:12:00,SPECI KINT 151712Z AUTO 13008G17KT 10SM BKN031 BKN038 OVC070 20/12 A3011 RMK AO2 T02000117,0,8.0,1,16090.0,0,0,0,
2026-03-15 16:54:00,METAR KINT 151654Z AUTO 06006KT 10SM OVC028 18/09 A3012 RMK AO2 SLP196 T01780094,0,6.0,0,16090.0,0,0,0,
2026-03-15 15:54:00,METAR KINT 151554Z AUTO VRB05KT 10SM BKN023 BKN030 16/07 A3016 RMK AO2 SLP208 T01610072,0,5.0,0,16090.0,0,0,0,
2026-03-15 15:16:00,SPECI KINT 151516Z AUTO 06005KT 10SM FEW020 BKN024 OVC120 14/06 A3018 RMK AO2 T01440056,0,5.0,0,16090.0,0,0,0,
2026-03-15 14:54:00,METAR KINT 151454Z AUTO 06007KT 10SM FEW046 BKN120 14/05 A3018 RMK AO2 SLP216 T01440050 58004,0,7.0,0,16090.0,0,0,0,
2026-03-15 14:09:00,SPECI KINT 151409Z AUTO 04006KT 10SM FEW016 FEW023 12/03 A3020 RMK AO2 T01170033,0,6.0,0,16090.0,0,0,0,
2026-03-15 13:54:00,METAR KINT 151354Z AUTO 03006KT 10SM BKN016 BKN022 11/03 A3020 RMK AO2 SLP223 T01110028,0,6.0,0,16090.0,0,0,0,
2026-03-15 12:54:00,METAR KINT 151254Z AUTO 05006KT 10SM OVC016 09/02 A3020 RMK AO2 SLP225 T00890017,0,6.0,0,16090.0,0,0,0,
2026-03-15 11:54:00,METAR KINT 151154Z AUTO 03006KT 10SM OVC016 09/02 A3019 RMK AO2 SLP220 T00890017 10139 20072 51008,0,6.0,0,16090.0,0,0,0,
2026-03-15 11:19:00,SPECI KINT 151119Z AUTO 02004KT 10SM BKN017 08/02 A3020 RMK AO2 T00830017,0,4.0,0,16090.0,0,0,0,
2026-03-15 10:54:00,METAR KINT 151054Z AUTO 03003KT 10SM CLR 08/02 A3019 RMK AO2 SLP219 T00780017,0,3.0,0,16090.0,0,0,0,
2026-03-15 09:54:00,METAR KINT 150954Z AUTO 36006KT 10SM CLR 08/03 A3018 RMK AO2 SLP217 T00830028,0,6.0,0,16090.0,0,0,0,
2026-03-15 08:54:00,METAR KINT 150854Z AUTO 00000KT 10SM CLR 11/04 A3017 RMK AO2 SLP210 T01060039 56003,0,0.0,0,16090.0,0,0,0,
